ROW_ID,ICD9_CODE,SHORT_TITLE,LONG_TITLE,SHORT_TITLE_CAT,LONG_TITLE_CAT
1050947,sdv-pii-h2hst,sdv-pii-ewu4j,sdv-pii-vgf9s,7491,12228
12480110,sdv-pii-nyqdg,sdv-pii-9jp5y,sdv-pii-pmwix,0,1393
2609990,sdv-pii-f8v7m,sdv-pii-orolq,sdv-pii-mnw82,7091,9590
16740407,sdv-pii-tyicy,sdv-pii-o6ipa,sdv-pii-arzmr,3851,3855
1141216,sdv-pii-1zqpp,sdv-pii-94ewf,sdv-pii-i2zmc,11163,11135
4001065,sdv-pii-v67cq,sdv-pii-q3cn9,sdv-pii-bwqhj,3620,4336
8369884,sdv-pii-kfg2z,sdv-pii-6jvgm,sdv-pii-qn067,11315,13338
12712666,sdv-pii-rv5w5,sdv-pii-5rccf,sdv-pii-jauy3,12316,3791
1285086,sdv-pii-nmk0z,sdv-pii-wi9v6,sdv-pii-lu0nz,0,1500
14133712,sdv-pii-e0q9l,sdv-pii-z5k9y,sdv-pii-f47m2,6193,2729
2235840,sdv-pii-jn2ql,sdv-pii-h70tc,sdv-pii-iuvct,4748,7834
15400215,sdv-pii-zmjau,sdv-pii-3f7u5,sdv-pii-qryjg,735,13083
737000,sdv-pii-doqn1,sdv-pii-dicak,sdv-pii-p4w6c,1251,1090
12050016,sdv-pii-8ktpw,sdv-pii-5rwuc,sdv-pii-df357,11464,11498
14332685,sdv-pii-mjtpb,sdv-pii-rc9vi,sdv-pii-n2r7k,7403,8646
12680640,sdv-pii-5v3hw,sdv-pii-mez95,sdv-pii-yd888,7936,5972
12869267,sdv-pii-nkow2,sdv-pii-1ymlc,sdv-pii-ytepj,438,2722
45726,sdv-pii-bdky6,sdv-pii-g6zom,sdv-pii-0bqkz,3786,2408
8838706,sdv-pii-rt893,sdv-pii-52506,sdv-pii-ykmv3,6632,3358
15815515,sdv-pii-frbbw,sdv-pii-smlm7,sdv-pii-zzmwh,3221,2470
1215465,sdv-pii-vzcju,sdv-pii-3k1pg,sdv-pii-pww3w,1987,13860
3365160,sdv-pii-3v35i,sdv-pii-v1ysy,sdv-pii-k16lg,10879,4094
7440037,sdv-pii-w2y9k,sdv-pii-jyae8,sdv-pii-3zbpw,2459,3034
2719284,sdv-pii-3od74,sdv-pii-rnxa9,sdv-pii-2ebhp,6661,6784
12681066,sdv-pii-8tm5j,sdv-pii-01wfx,sdv-pii-4o84u,1344,9892
16735458,sdv-pii-88569,sdv-pii-edmf5,sdv-pii-a9q5p,2399,805
10012812,sdv-pii-erac2,sdv-pii-t10ze,sdv-pii-638k9,1181,2589
5389900,sdv-pii-kncpw,sdv-pii-ynpsb,sdv-pii-9frex,897,2913
15291594,sdv-pii-eft6u,sdv-pii-cgjou,sdv-pii-321ca,13438,12033
14400173,sdv-pii-vpa3d,sdv-pii-vp6yq,sdv-pii-9fjk0,8937,10046
4684461,sdv-pii-u6rmk,sdv-pii-7ig35,sdv-pii-2r6zo,4100,10468
15499573,sdv-pii-l4k93,sdv-pii-bi37l,sdv-pii-mqh1f,8591,13426
133949,sdv-pii-xxz4v,sdv-pii-2kq1y,sdv-pii-0j30p,6093,3448
1151062,sdv-pii-ea64s,sdv-pii-fkur6,sdv-pii-0k26i,1473,12270
15157710,sdv-pii-t9d6z,sdv-pii-qp8ok,sdv-pii-9v0wf,3917,9128
6091684,sdv-pii-htjlg,sdv-pii-4a9lr,sdv-pii-mhl4i,13269,9018
8317740,sdv-pii-3okga,sdv-pii-v24tz,sdv-pii-9tso0,3034,0
8854540,sdv-pii-ojx5x,sdv-pii-825hq,sdv-pii-w498h,7820,11685
4350616,sdv-pii-fkt0t,sdv-pii-4qff8,sdv-pii-36w55,6116,4913
4000758,sdv-pii-68ttp,sdv-pii-0hxuv,sdv-pii-q5dz8,897,1133
376492,sdv-pii-0tskb,sdv-pii-0wt9p,sdv-pii-nkggv,5043,6690
4596563,sdv-pii-hdkhp,sdv-pii-w8iw2,sdv-pii-q2og5,10353,14561
14738457,sdv-pii-l7wd6,sdv-pii-9irqd,sdv-pii-uvr8z,2287,4694
7229579,sdv-pii-wbnkd,sdv-pii-zqzd8,sdv-pii-xroyh,9997,9751
799150,sdv-pii-hj34j,sdv-pii-hfkw3,sdv-pii-98blt,9342,7683
5055679,sdv-pii-0kem8,sdv-pii-g7lqn,sdv-pii-glc6j,12623,10555
5058618,sdv-pii-fvi93,sdv-pii-4lwmo,sdv-pii-j6ygl,6138,1097
12744927,sdv-pii-h9k6q,sdv-pii-q1k0z,sdv-pii-1ero6,2875,5964
3109018,sdv-pii-blpaq,sdv-pii-sxka1,sdv-pii-ojtno,12587,10846
14646693,sdv-pii-761rg,sdv-pii-1gcfx,sdv-pii-s45cw,6612,11474
4322022,sdv-pii-hr7qf,sdv-pii-5sr2g,sdv-pii-mify7,317,7443
6140989,sdv-pii-d6t48,sdv-pii-f11f5,sdv-pii-g6v41,6974,5208
85125,sdv-pii-nlqel,sdv-pii-h2l25,sdv-pii-cnehu,13898,14561
11860997,sdv-pii-n3tbo,sdv-pii-lv5oy,sdv-pii-rlh1o,4368,2859
8985028,sdv-pii-rc8xr,sdv-pii-dbu7q,sdv-pii-saalu,6739,4246
13823795,sdv-pii-oru9k,sdv-pii-z5mre,sdv-pii-r9jgx,14327,11146
12218040,sdv-pii-dz8ih,sdv-pii-jzy52,sdv-pii-n14re,14274,13113
12234258,sdv-pii-shnus,sdv-pii-qesgv,sdv-pii-nx5bv,5063,5963
12147100,sdv-pii-uxvqb,sdv-pii-xq5j8,sdv-pii-n9peh,3660,5237
4406153,sdv-pii-qf2wp,sdv-pii-wxf35,sdv-pii-4bcqd,11329,13110
3665915,sdv-pii-urnml,sdv-pii-giybo,sdv-pii-nkmv3,3795,12408
14623017,sdv-pii-kie1h,sdv-pii-js9ad,sdv-pii-gc35p,13526,14561
3218838,sdv-pii-ns41p,sdv-pii-40pdo,sdv-pii-e5lp3,6188,3985
15521027,sdv-pii-k5vda,sdv-pii-cpqgg,sdv-pii-gbc5j,12692,12858
4095933,sdv-pii-h2v5t,sdv-pii-8l1q9,sdv-pii-bvbj8,11628,14550
9601002,sdv-pii-s2uy3,sdv-pii-v5ham,sdv-pii-fpint,10252,13573
8352960,sdv-pii-a5vgd,sdv-pii-21psi,sdv-pii-ipcbm,3645,3786
8815411,sdv-pii-czkso,sdv-pii-5pg6d,sdv-pii-byk7k,1343,2844
6708033,sdv-pii-3f4t7,sdv-pii-bb3cs,sdv-pii-e8pb8,6024,7635
9091577,sdv-pii-oiyhu,sdv-pii-uv13b,sdv-pii-a6jyg,3912,2876
7598837,sdv-pii-wc57b,sdv-pii-wn4b6,sdv-pii-lo2qv,8487,4774
10059833,sdv-pii-xeqev,sdv-pii-ovi0p,sdv-pii-i6218,1233,1127
4011376,sdv-pii-tevmt,sdv-pii-bao35,sdv-pii-0zp0r,7774,5751
13983449,sdv-pii-foemd,sdv-pii-ibg8z,sdv-pii-5y37v,5364,4183
1893261,sdv-pii-2309a,sdv-pii-9h0t7,sdv-pii-zasq7,449,134
3590937,sdv-pii-xd3xn,sdv-pii-n4dlq,sdv-pii-6ytw7,2784,2334
3444818,sdv-pii-tb4a8,sdv-pii-kdbj2,sdv-pii-vnigo,8655,7081
12201374,sdv-pii-gn40t,sdv-pii-n93pv,sdv-pii-aoc5q,8127,12535
9891121,sdv-pii-diex3,sdv-pii-a0szc,sdv-pii-16eb0,5935,2927
12678698,sdv-pii-1n8ii,sdv-pii-me02a,sdv-pii-n2ssy,11632,8266
9413873,sdv-pii-uokht,sdv-pii-fv5oi,sdv-pii-j38yt,7651,11354
9006390,sdv-pii-ycpdl,sdv-pii-utr24,sdv-pii-353eb,2613,6910
1706081,sdv-pii-sphty,sdv-pii-ltu8h,sdv-pii-jqpjo,9559,12181
764982,sdv-pii-lvdk5,sdv-pii-r24fq,sdv-pii-8wkoz,2931,9567
3490935,sdv-pii-f04o3,sdv-pii-wyspw,sdv-pii-cj2aq,3800,5581
12473726,sdv-pii-nju8r,sdv-pii-q741z,sdv-pii-lhmik,1344,120
11482869,sdv-pii-qwtrz,sdv-pii-iljx7,sdv-pii-p9ypu,13168,12322
16217763,sdv-pii-orge3,sdv-pii-4oarb,sdv-pii-ikihy,2423,5902
15602112,sdv-pii-kbmsg,sdv-pii-bt89c,sdv-pii-fjdww,23,3433
14283990,sdv-pii-187in,sdv-pii-bkshd,sdv-pii-ljfja,10672,13708
10289207,sdv-pii-ecucs,sdv-pii-1qjt1,sdv-pii-htgof,11643,11597
10713001,sdv-pii-lpfjz,sdv-pii-2f5ul,sdv-pii-kfjyc,7243,7466
16671488,sdv-pii-jkcyf,sdv-pii-qx6cb,sdv-pii-c2n6g,8416,13323
14368167,sdv-pii-anzf2,sdv-pii-l4qmd,sdv-pii-292bl,153,0
2855896,sdv-pii-76bou,sdv-pii-6eug1,sdv-pii-pe82b,7392,7799
1314732,sdv-pii-qvgln,sdv-pii-8cfoe,sdv-pii-6l62s,8987,8268
5532752,sdv-pii-kud39,sdv-pii-234ho,sdv-pii-nclih,434,672
10518531,sdv-pii-f8zhf,sdv-pii-bhen0,sdv-pii-hn2xh,11396,9596
12339330,sdv-pii-jbpac,sdv-pii-s61px,sdv-pii-dtk6b,5398,4743
7674254,sdv-pii-mliw5,sdv-pii-cwipr,sdv-pii-gcsoy,8456,11822
16287170,sdv-pii-j8fud,sdv-pii-7le1z,sdv-pii-ywmk8,7590,6877
910012,sdv-pii-9279g,sdv-pii-akww5,sdv-pii-v89v6,4795,11175
4737385,sdv-pii-bm5rb,sdv-pii-yuhav,sdv-pii-7pnoa,6561,9535
6627490,sdv-pii-gfvd9,sdv-pii-i0cwv,sdv-pii-rh795,12820,5434
9008439,sdv-pii-eyodp,sdv-pii-gtkmi,sdv-pii-j2npy,8704,6843
541806,sdv-pii-mjeqk,sdv-pii-beq23,sdv-pii-i20vg,14327,14356
1948807,sdv-pii-m8rvw,sdv-pii-q2mnl,sdv-pii-dm2ji,543,362
7454874,sdv-pii-0qov5,sdv-pii-4ifhg,sdv-pii-gih21,7023,9185
15350919,sdv-pii-xlqgz,sdv-pii-pdez2,sdv-pii-wwn6m,8454,8036
7056876,sdv-pii-ckuxb,sdv-pii-ubomy,sdv-pii-t948n,9626,12973
765884,sdv-pii-1ia9n,sdv-pii-mb80k,sdv-pii-cdgjo,9653,10036
15127253,sdv-pii-tasmx,sdv-pii-9279t,sdv-pii-0rlbb,11788,9930
61293,sdv-pii-ez9mo,sdv-pii-0hpvr,sdv-pii-x5v7p,3100,7504
15355160,sdv-pii-uxbkd,sdv-pii-69xf0,sdv-pii-02hgm,14327,13809
4690202,sdv-pii-ta4iu,sdv-pii-xfqy8,sdv-pii-l8slx,11950,8987
11959553,sdv-pii-tc0ij,sdv-pii-7riak,sdv-pii-6v9u4,10097,14004
7767272,sdv-pii-4w4fa,sdv-pii-uyn6r,sdv-pii-t99jo,11333,11895
13622001,sdv-pii-lt9ci,sdv-pii-2xscl,sdv-pii-pyblx,1387,11512
9776389,sdv-pii-zhjm9,sdv-pii-hiaqc,sdv-pii-fd2ns,6632,1909
5310892,sdv-pii-wflyz,sdv-pii-vstpk,sdv-pii-eizqa,7642,3786
7678464,sdv-pii-ujidp,sdv-pii-p5rbs,sdv-pii-370ql,6103,2333
4153239,sdv-pii-ptw7w,sdv-pii-2nwiv,sdv-pii-hx4kp,0,1797
5167184,sdv-pii-1s6kv,sdv-pii-wegu1,sdv-pii-tbl7k,3619,2702
11539835,sdv-pii-yjtsm,sdv-pii-0h7s3,sdv-pii-kxmmf,13600,13999
15723873,sdv-pii-d99eu,sdv-pii-dfmsz,sdv-pii-ymr9s,8202,11475
10824717,sdv-pii-j0lrp,sdv-pii-udusb,sdv-pii-noc6y,9553,10808
5564230,sdv-pii-9llss,sdv-pii-7i95l,sdv-pii-lm5k3,9950,12305
1647163,sdv-pii-t1c68,sdv-pii-7qapr,sdv-pii-2sxae,7708,6995
2928250,sdv-pii-scy6q,sdv-pii-x7g5c,sdv-pii-i2gq0,1270,3061
12375188,sdv-pii-epwlc,sdv-pii-yga0r,sdv-pii-r4nbq,5893,9314
344007,sdv-pii-5nkv0,sdv-pii-sr8zt,sdv-pii-u9xnv,8902,7436
8867716,sdv-pii-1i30x,sdv-pii-3thcm,sdv-pii-72uga,6257,6983
15401935,sdv-pii-hazik,sdv-pii-bi1by,sdv-pii-334wd,6951,6435
6147575,sdv-pii-h5jl4,sdv-pii-c4tav,sdv-pii-u96pw,3033,271
15914679,sdv-pii-ku7t6,sdv-pii-bwz2d,sdv-pii-zci2q,4553,2511
11908600,sdv-pii-z673h,sdv-pii-4j1au,sdv-pii-d36ux,1852,703
15251663,sdv-pii-va659,sdv-pii-htahl,sdv-pii-39pmc,12706,12745
1626033,sdv-pii-0gm3l,sdv-pii-etmpb,sdv-pii-qxykx,6201,3051
10970550,sdv-pii-wv1xi,sdv-pii-94dl1,sdv-pii-1gk68,5410,3637
215964,sdv-pii-l6vio,sdv-pii-9n1ll,sdv-pii-3ujns,5314,8192
5052013,sdv-pii-brog9,sdv-pii-ass5c,sdv-pii-6cccz,13402,13711
14403411,sdv-pii-y9xu0,sdv-pii-pzw4i,sdv-pii-a2nt9,6996,8287
4176236,sdv-pii-cp36f,sdv-pii-eq2nv,sdv-pii-q1ulb,12460,11634
7088754,sdv-pii-x5i6r,sdv-pii-suvfp,sdv-pii-l6z1z,3838,3689
1378672,sdv-pii-noeun,sdv-pii-spqnt,sdv-pii-314ad,11910,12066
12230729,sdv-pii-7u3ri,sdv-pii-bf7x4,sdv-pii-p8x8d,1080,5451
3849623,sdv-pii-43pqo,sdv-pii-s0165,sdv-pii-3taph,10979,13784
14785052,sdv-pii-sywng,sdv-pii-5808m,sdv-pii-jrsrj,10165,5210
6937829,sdv-pii-ldcvd,sdv-pii-pxpxw,sdv-pii-wi1lm,341,2253
11329868,sdv-pii-jwr7j,sdv-pii-esiqp,sdv-pii-ksrf0,6725,8402
3136990,sdv-pii-ic101,sdv-pii-fk6mp,sdv-pii-mtp3l,930,2324
14718612,sdv-pii-ov0ks,sdv-pii-yskpg,sdv-pii-xet45,8690,14529
11134861,sdv-pii-34j1f,sdv-pii-76q29,sdv-pii-2v3z8,894,414
3016528,sdv-pii-uyc24,sdv-pii-w48zu,sdv-pii-ek3wc,10779,7446
6968817,sdv-pii-zmeuc,sdv-pii-1387l,sdv-pii-y8iuu,10076,3071
4425111,sdv-pii-5sdoi,sdv-pii-e597n,sdv-pii-cqew1,3649,1677
8163446,sdv-pii-19g06,sdv-pii-lcy32,sdv-pii-oc9fy,6756,4319
14245613,sdv-pii-o1r75,sdv-pii-z7igc,sdv-pii-wif92,5713,5434
16595625,sdv-pii-3gozz,sdv-pii-jlr62,sdv-pii-1fpus,14222,14465
6165996,sdv-pii-1axx6,sdv-pii-k2e8w,sdv-pii-2h4uq,1522,5341
11069771,sdv-pii-kbnga,sdv-pii-kmfh4,sdv-pii-xdgga,11617,10744
11337359,sdv-pii-5fcq5,sdv-pii-hhy2f,sdv-pii-ae4tf,8723,6884
9787839,sdv-pii-slcky,sdv-pii-h0zqe,sdv-pii-g9d4y,13770,14561
14116215,sdv-pii-si968,sdv-pii-qut03,sdv-pii-8mm1r,7299,7727
13398777,sdv-pii-mdrge,sdv-pii-25484,sdv-pii-qt2yx,8074,12167
15030115,sdv-pii-a0rih,sdv-pii-ffbu8,sdv-pii-8jgvm,7911,3535
4702949,sdv-pii-w3o6u,sdv-pii-furd0,sdv-pii-dj7q5,13580,13108
11630922,sdv-pii-crb5n,sdv-pii-fe50y,sdv-pii-va2sz,10320,11441
12492320,sdv-pii-qw2cp,sdv-pii-uohkd,sdv-pii-5kvd4,12907,7051
9928345,sdv-pii-3c4x6,sdv-pii-1u2lu,sdv-pii-5oyiu,0,418
7760028,sdv-pii-5da9n,sdv-pii-h5yqc,sdv-pii-6e5v1,669,202
10759314,sdv-pii-f4uja,sdv-pii-zvnrw,sdv-pii-hqpex,10475,919
13802999,sdv-pii-ychvj,sdv-pii-eukfj,sdv-pii-8yqfn,7270,3043
13824578,sdv-pii-l7ogr,sdv-pii-tyez4,sdv-pii-rttgt,2207,12976
6139566,sdv-pii-k0rru,sdv-pii-c5ww6,sdv-pii-uqudl,2775,5416
2840013,sdv-pii-xfn36,sdv-pii-01bd8,sdv-pii-q3e81,10169,11176
2090460,sdv-pii-tpb5i,sdv-pii-7frr2,sdv-pii-o756z,3204,14393
16583048,sdv-pii-q9kev,sdv-pii-6ioeg,sdv-pii-iqnw5,13463,14006
13521302,sdv-pii-87hrz,sdv-pii-skyxs,sdv-pii-7a42i,9035,10765
3087596,sdv-pii-alisy,sdv-pii-qyvnu,sdv-pii-19b05,5825,6414
6504395,sdv-pii-t3bo4,sdv-pii-62znk,sdv-pii-l2eoa,9173,11365
9848966,sdv-pii-567hb,sdv-pii-tdwg3,sdv-pii-a20w7,2644,298
14683663,sdv-pii-yhv67,sdv-pii-f3a4s,sdv-pii-rlvjf,2944,3751
9304942,sdv-pii-4kgbe,sdv-pii-hd0ff,sdv-pii-15zo0,7517,6973
7193289,sdv-pii-h03dy,sdv-pii-8mqsx,sdv-pii-rkx60,2735,2383
10974763,sdv-pii-w296z,sdv-pii-bf16i,sdv-pii-ik6i2,11857,13236
15186384,sdv-pii-u10h5,sdv-pii-g46jm,sdv-pii-5isff,684,0
14892682,sdv-pii-2t660,sdv-pii-dv8st,sdv-pii-h7buu,3793,4126
5975469,sdv-pii-kl6wv,sdv-pii-c0li1,sdv-pii-wdotd,11221,13732
10277179,sdv-pii-vk1oz,sdv-pii-zyhd7,sdv-pii-1m9ge,7199,4122
13584335,sdv-pii-nkmxq,sdv-pii-a8ust,sdv-pii-h14yh,13544,14368
11439247,sdv-pii-60eed,sdv-pii-5wvmd,sdv-pii-sfair,4042,1001
1877436,sdv-pii-xkb63,sdv-pii-yds70,sdv-pii-mo5a7,8645,13714
9236031,sdv-pii-5ya2y,sdv-pii-o1b6t,sdv-pii-4ol34,8189,12971
10089026,sdv-pii-z9lo5,sdv-pii-db35y,sdv-pii-tp0jz,6520,4989
2311508,sdv-pii-gxufh,sdv-pii-4e447,sdv-pii-kvg3f,10822,14533
11538048,sdv-pii-z0ei2,sdv-pii-7xis5,sdv-pii-l6wm5,8927,14561
12255475,sdv-pii-hyzjs,sdv-pii-k0b4d,sdv-pii-694kp,8222,9762
5639998,sdv-pii-i3suw,sdv-pii-qreo3,sdv-pii-7rlcj,3789,2351
8592960,sdv-pii-w9n4j,sdv-pii-0qhi5,sdv-pii-4o63q,4020,4979
5225131,sdv-pii-030kj,sdv-pii-l0ijy,sdv-pii-x933c,304,4657
2585045,sdv-pii-slirr,sdv-pii-50jtw,sdv-pii-l914q,8908,6451
2360640,sdv-pii-cerir,sdv-pii-rd4hf,sdv-pii-cjekk,11289,7874
2864450,sdv-pii-110x1,sdv-pii-rrypc,sdv-pii-35jeq,3941,5624
2843144,sdv-pii-zv1zf,sdv-pii-8o467,sdv-pii-foa2f,12980,6327
3894868,sdv-pii-049fd,sdv-pii-qzye4,sdv-pii-ir9sl,7031,8049
4205262,sdv-pii-6emoe,sdv-pii-zmn2x,sdv-pii-stjz7,4422,3944
6219639,sdv-pii-6mngb,sdv-pii-56wd4,sdv-pii-efeno,7706,6351
5356361,sdv-pii-1ygg4,sdv-pii-lbdqg,sdv-pii-62hz3,2045,4564
6257645,sdv-pii-yrvhp,sdv-pii-cv8kj,sdv-pii-ho0c5,12199,8033
3707822,sdv-pii-lbzb2,sdv-pii-64d2u,sdv-pii-4sbvn,4739,1440
9312994,sdv-pii-mwl8g,sdv-pii-61p7w,sdv-pii-455xa,4016,14185
1701573,sdv-pii-wgbmm,sdv-pii-fw7yw,sdv-pii-u1j8a,13048,11719
14490817,sdv-pii-uwn0q,sdv-pii-yb16r,sdv-pii-6vwkh,9535,2883
13125400,sdv-pii-xq650,sdv-pii-4p1gx,sdv-pii-nf9y3,615,7012
731006,sdv-pii-xa1vh,sdv-pii-4vmnc,sdv-pii-3igfy,12332,12130
13471076,sdv-pii-kmfv9,sdv-pii-anc9c,sdv-pii-iv5sf,1811,7137
6838075,sdv-pii-gvfb1,sdv-pii-mio9r,sdv-pii-ea3px,2993,13631
7838598,sdv-pii-g7tx7,sdv-pii-xropa,sdv-pii-k4o77,1194,1838
15068417,sdv-pii-a7oct,sdv-pii-v0op9,sdv-pii-pmuq6,10046,12238
7860826,sdv-pii-xvii3,sdv-pii-obyxe,sdv-pii-sfkq9,6828,4609
12500019,sdv-pii-1yvax,sdv-pii-hapjv,sdv-pii-xbe60,6801,2297
14103295,sdv-pii-8q66o,sdv-pii-l3j1v,sdv-pii-bt3u0,0,1178
13891713,sdv-pii-2bdjr,sdv-pii-wrmqo,sdv-pii-8vkq2,12111,14561
9757234,sdv-pii-srmeu,sdv-pii-jt3bc,sdv-pii-bsjrj,3563,2728
13538264,sdv-pii-l300j,sdv-pii-d9me8,sdv-pii-z0iyg,907,3423
9392369,sdv-pii-wk66f,sdv-pii-da1h6,sdv-pii-j4mj2,786,1125
7432491,sdv-pii-71l8q,sdv-pii-uhygz,sdv-pii-k1pry,2372,3347
3611059,sdv-pii-0t1zi,sdv-pii-su0gs,sdv-pii-awg4j,12797,12380
7393819,sdv-pii-x4a11,sdv-pii-hwdwk,sdv-pii-jiz77,2415,899
3588762,sdv-pii-vf0fi,sdv-pii-pnw9k,sdv-pii-thgra,9977,13538
12091873,sdv-pii-qjbb1,sdv-pii-xsfi1,sdv-pii-u0bts,5559,9987
12871680,sdv-pii-xgu3p,sdv-pii-27lxj,sdv-pii-w9iar,2472,243
6245704,sdv-pii-71qvv,sdv-pii-fipdv,sdv-pii-j97gj,14327,12439
10100660,sdv-pii-b1rdg,sdv-pii-5mxb3,sdv-pii-xajvd,3581,3832
3113744,sdv-pii-m7ray,sdv-pii-pw9mc,sdv-pii-bswnt,3060,288
204126,sdv-pii-h7q1h,sdv-pii-u6oa3,sdv-pii-72x4l,12895,12884
1572604,sdv-pii-sy3n1,sdv-pii-ng1ey,sdv-pii-o6egl,12245,11330
15443149,sdv-pii-mys0n,sdv-pii-nbij7,sdv-pii-kdkuq,11745,3941
8375628,sdv-pii-cipf0,sdv-pii-jwc2d,sdv-pii-4i50m,13061,13603
4794617,sdv-pii-qc9fn,sdv-pii-92k5f,sdv-pii-t6w6c,282,319
9533032,sdv-pii-u8thu,sdv-pii-1ngn4,sdv-pii-u5sti,13244,12454
12992370,sdv-pii-sxlov,sdv-pii-abyqd,sdv-pii-glzu2,6840,7693
4404178,sdv-pii-08rm6,sdv-pii-qmnsj,sdv-pii-jbhs6,7054,2830
605652,sdv-pii-n9v30,sdv-pii-1ns6p,sdv-pii-aj2mt,13940,4347
16476326,sdv-pii-q8ba7,sdv-pii-e29nc,sdv-pii-g551f,1784,2499
6084474,sdv-pii-c1kf9,sdv-pii-2nqcp,sdv-pii-mv9iu,7009,7055
13886134,sdv-pii-tkqrx,sdv-pii-pxzmi,sdv-pii-3cktf,3051,2436
7748217,sdv-pii-rn9ye,sdv-pii-aep4o,sdv-pii-ectmo,0,3574
8467159,sdv-pii-ew4kg,sdv-pii-u06gy,sdv-pii-e57j1,10512,12894
3289272,sdv-pii-rery9,sdv-pii-webjj,sdv-pii-de5xq,11282,12148
8328871,sdv-pii-9k9zu,sdv-pii-ppg2c,sdv-pii-q9ohb,11197,13382
16680614,sdv-pii-xx0ii,sdv-pii-jh8c2,sdv-pii-q8u0z,3906,9749
15256149,sdv-pii-1im2o,sdv-pii-80rlb,sdv-pii-csxd7,11011,12327
6585175,sdv-pii-ra9fb,sdv-pii-0wwh7,sdv-pii-1djhq,13158,14561
472030,sdv-pii-qctxu,sdv-pii-vsjrn,sdv-pii-7d77m,9226,5657
14373893,sdv-pii-08m01,sdv-pii-r7hro,sdv-pii-b2vrv,2858,9123
7256027,sdv-pii-q8znp,sdv-pii-xzfka,sdv-pii-cig87,4326,5019
9905121,sdv-pii-gi78w,sdv-pii-a8ex0,sdv-pii-5vog2,12879,7645
488142,sdv-pii-be2l9,sdv-pii-8hndr,sdv-pii-j7mr5,12587,6835
3670891,sdv-pii-gk59k,sdv-pii-spfh3,sdv-pii-mkrby,4227,4162
10245075,sdv-pii-jxycz,sdv-pii-zs4iu,sdv-pii-ct1n9,10642,8877
4388008,sdv-pii-kmo6b,sdv-pii-0dq3k,sdv-pii-pyd9a,7011,3245
8873622,sdv-pii-jg0ar,sdv-pii-84fmb,sdv-pii-ogz8j,9075,8545
11930686,sdv-pii-1he1o,sdv-pii-4bxw9,sdv-pii-8nivz,5297,1603
11523969,sdv-pii-q9e7t,sdv-pii-rcydt,sdv-pii-qqeu9,5589,5846
369173,sdv-pii-yew9n,sdv-pii-cobsz,sdv-pii-kl5rw,6417,5317
10677713,sdv-pii-iwo6q,sdv-pii-cibls,sdv-pii-i81ba,2843,345
1898432,sdv-pii-xwxzn,sdv-pii-w5m9l,sdv-pii-v3rn8,6443,12727
12052054,sdv-pii-c4f5p,sdv-pii-yuvd8,sdv-pii-whtfj,14167,14145
11383922,sdv-pii-268xd,sdv-pii-amm9r,sdv-pii-exgao,7225,8644
880947,sdv-pii-5be0y,sdv-pii-wpkvv,sdv-pii-yc3j7,0,0
253251,sdv-pii-3g5ty,sdv-pii-i3uy2,sdv-pii-ma4mm,7685,4369
5167271,sdv-pii-mok74,sdv-pii-569yy,sdv-pii-wpoe0,651,2035
2193127,sdv-pii-xva6y,sdv-pii-f7nce,sdv-pii-tzgb9,12388,14462
13139921,sdv-pii-thzvs,sdv-pii-in1wa,sdv-pii-0skf5,2830,1450
2764196,sdv-pii-5j3be,sdv-pii-wgmwh,sdv-pii-31xwa,1967,832
1564677,sdv-pii-os87h,sdv-pii-a1yp3,sdv-pii-7vc9y,10500,12401
16424975,sdv-pii-20t0i,sdv-pii-5dq2e,sdv-pii-n399j,1636,2683
9890977,sdv-pii-1tr1r,sdv-pii-nadbx,sdv-pii-yl84d,8831,10433
15118019,sdv-pii-l4maq,sdv-pii-gjliy,sdv-pii-2vk0g,13160,13955
9172811,sdv-pii-rvjey,sdv-pii-is1rl,sdv-pii-fd964,8863,11666
10818406,sdv-pii-h3qh0,sdv-pii-arkgc,sdv-pii-5kdiz,13566,12674
9335506,sdv-pii-x5syb,sdv-pii-ng875,sdv-pii-jxpaa,2898,3897
7611413,sdv-pii-2p8tn,sdv-pii-0jd1a,sdv-pii-gyouy,10966,8309
12142921,sdv-pii-a2v4h,sdv-pii-h4rrx,sdv-pii-nnejk,11330,4139
13858666,sdv-pii-wo0cu,sdv-pii-5wjdd,sdv-pii-bzkpv,7764,13955
7049511,sdv-pii-fp4mp,sdv-pii-9n8yn,sdv-pii-lqaq8,12926,10612
7590785,sdv-pii-k3i43,sdv-pii-zm8sw,sdv-pii-d5o1h,90,124
3640934,sdv-pii-a86xa,sdv-pii-m2r3x,sdv-pii-sz8bz,1749,781
11311797,sdv-pii-1z6s0,sdv-pii-j7qf9,sdv-pii-tk1x5,1876,0
9118780,sdv-pii-rh0bs,sdv-pii-mpcwj,sdv-pii-ghczd,5042,6190
12267077,sdv-pii-t6j90,sdv-pii-830cy,sdv-pii-wwmmt,3704,6776
13879804,sdv-pii-l7ynu,sdv-pii-oduq8,sdv-pii-zo9rm,6198,3965
10491644,sdv-pii-b58n7,sdv-pii-2rto4,sdv-pii-6an2v,12889,7086
985018,sdv-pii-30zcw,sdv-pii-n8xh9,sdv-pii-v9cxj,4325,3370
153411,sdv-pii-ftg6f,sdv-pii-olnun,sdv-pii-ss6fy,2190,739
8505966,sdv-pii-937qj,sdv-pii-912x7,sdv-pii-8mo65,6758,4825
1110403,sdv-pii-7kd75,sdv-pii-1tt9y,sdv-pii-zhxjo,7822,8051
1792468,sdv-pii-9qhhl,sdv-pii-jg37m,sdv-pii-ttk57,722,1264
3791690,sdv-pii-5hv4w,sdv-pii-fg3if,sdv-pii-z4oju,4277,13236
3017855,sdv-pii-2k5vu,sdv-pii-bdzi9,sdv-pii-ko1hs,8362,6112
12290628,sdv-pii-gecdu,sdv-pii-nrxw5,sdv-pii-uk34b,10811,1206
14316121,sdv-pii-sdnio,sdv-pii-bwy1g,sdv-pii-a4nwu,10924,12530
7115763,sdv-pii-ib4mg,sdv-pii-95eyy,sdv-pii-fc22v,6493,8561
13421006,sdv-pii-v3scj,sdv-pii-miqov,sdv-pii-wyjzc,5575,5947
14305428,sdv-pii-m1m8r,sdv-pii-aiwas,sdv-pii-y0n6e,12427,14426
14782241,sdv-pii-trpn0,sdv-pii-ubm6l,sdv-pii-ppglo,7615,5085
8309180,sdv-pii-i4g49,sdv-pii-hcyn2,sdv-pii-dfvci,5020,1957
5922305,sdv-pii-96as6,sdv-pii-cv4ih,sdv-pii-0hq69,9542,4880
13117400,sdv-pii-q4jq0,sdv-pii-gxkkq,sdv-pii-sxeq0,8530,8861
11546523,sdv-pii-emlc8,sdv-pii-ygckb,sdv-pii-cifkm,10028,3754
13413137,sdv-pii-el6ql,sdv-pii-bq8oc,sdv-pii-6f7lq,11521,10241
4715775,sdv-pii-pd3x7,sdv-pii-pd7um,sdv-pii-n7hnb,13509,13910
3999531,sdv-pii-um6q5,sdv-pii-izosn,sdv-pii-wyqq4,1693,3906
15567848,sdv-pii-w8rzn,sdv-pii-4patb,sdv-pii-4np86,3852,11194
2101221,sdv-pii-0sjmf,sdv-pii-x80kf,sdv-pii-l5m7p,13634,13674
16541471,sdv-pii-8wj22,sdv-pii-3qek0,sdv-pii-6qm99,12828,14561
13491774,sdv-pii-9dppz,sdv-pii-o8w9k,sdv-pii-m7qj6,13417,11208
9578710,sdv-pii-5g9lz,sdv-pii-jtkfa,sdv-pii-sed3i,7634,4018
5678292,sdv-pii-ijufr,sdv-pii-qsb88,sdv-pii-sf40t,4633,13657
6515422,sdv-pii-do2hh,sdv-pii-c44lt,sdv-pii-otdla,9597,7162
7284864,sdv-pii-l1d03,sdv-pii-k0y5b,sdv-pii-gfo4x,4363,3858
14978093,sdv-pii-2mhuw,sdv-pii-58imn,sdv-pii-hltwa,6945,1040
13868981,sdv-pii-ku40a,sdv-pii-ge23r,sdv-pii-yj1xd,10618,13372
4839639,sdv-pii-gkyjt,sdv-pii-c8e37,sdv-pii-q9e12,11701,7502
10068792,sdv-pii-msm8v,sdv-pii-6huj0,sdv-pii-fn80n,2721,3291
14449624,sdv-pii-rurng,sdv-pii-xo4eg,sdv-pii-r3k22,5373,7235
13753842,sdv-pii-gvhbv,sdv-pii-v2ibx,sdv-pii-i5726,1097,1061
200494,sdv-pii-g95tx,sdv-pii-to0x1,sdv-pii-f9x86,8597,7934
2422891,sdv-pii-ksj1g,sdv-pii-r0s6w,sdv-pii-svdff,5805,4950
2542940,sdv-pii-rrb52,sdv-pii-79cjg,sdv-pii-3i054,7713,6463
12763192,sdv-pii-ue79h,sdv-pii-26k39,sdv-pii-dsjtq,2216,12711
5069232,sdv-pii-joz20,sdv-pii-bcm7l,sdv-pii-2o652,10795,10724
13263240,sdv-pii-79vgf,sdv-pii-kkolz,sdv-pii-t7m4c,12129,10730
10312677,sdv-pii-4yfa8,sdv-pii-cq7rw,sdv-pii-qzbq6,6699,314
6959721,sdv-pii-cians,sdv-pii-picbd,sdv-pii-yn1b5,6516,5927
13057209,sdv-pii-9mija,sdv-pii-no51n,sdv-pii-bjuf1,7305,8218
16434141,sdv-pii-ju5d5,sdv-pii-sh6gx,sdv-pii-bqcx1,9927,9664
12130078,sdv-pii-l9u2f,sdv-pii-d1hi9,sdv-pii-kfn7k,6764,5286
9822352,sdv-pii-ou6oh,sdv-pii-t8h9t,sdv-pii-7u2sc,13608,12341
11256581,sdv-pii-qz5hj,sdv-pii-vmm9o,sdv-pii-lkmc2,10346,11729
10764423,sdv-pii-mq109,sdv-pii-y57mw,sdv-pii-dx79q,8429,7994
14857145,sdv-pii-cr7p7,sdv-pii-n0doo,sdv-pii-ss2lq,13443,14332
5402218,sdv-pii-icust,sdv-pii-c5s6o,sdv-pii-vpkyf,11961,9289
3155316,sdv-pii-sjvb0,sdv-pii-s0ix2,sdv-pii-i2x21,9579,9846
5996351,sdv-pii-nkq0l,sdv-pii-ak9fb,sdv-pii-tgzk9,8577,4992
16400356,sdv-pii-kytbr,sdv-pii-dxe42,sdv-pii-49hal,6496,11000
4484469,sdv-pii-vfw5u,sdv-pii-rq8rr,sdv-pii-lxwpr,11987,13369
15121399,sdv-pii-debca,sdv-pii-62r8z,sdv-pii-l9kw8,13763,10760
15277804,sdv-pii-2seiv,sdv-pii-j9yfb,sdv-pii-wz0i7,7421,10055
13293394,sdv-pii-iufue,sdv-pii-6yglg,sdv-pii-58vna,4277,1869
11582246,sdv-pii-l4pm2,sdv-pii-bazkr,sdv-pii-r9zj4,1706,8638
10257787,sdv-pii-8pwkv,sdv-pii-9rnxt,sdv-pii-r3pwa,3032,0
16253134,sdv-pii-mo3f3,sdv-pii-jbs7l,sdv-pii-vvh62,13483,13857
16040185,sdv-pii-ueiwi,sdv-pii-vdg99,sdv-pii-7s3tn,8273,14153
14178330,sdv-pii-47lpm,sdv-pii-8hfra,sdv-pii-oqs7z,6740,8360
11731448,sdv-pii-a3sbx,sdv-pii-1o945,sdv-pii-ezkbj,2235,2652
3877243,sdv-pii-xb79q,sdv-pii-fv3hm,sdv-pii-zx15g,718,1183
2764270,sdv-pii-cic66,sdv-pii-knhfp,sdv-pii-5bd70,5432,2353
13234781,sdv-pii-cdcul,sdv-pii-xfenj,sdv-pii-65yrw,11409,11905
11511687,sdv-pii-yndvh,sdv-pii-4955l,sdv-pii-f9q22,2721,3767
11461632,sdv-pii-ddpsw,sdv-pii-hesae,sdv-pii-0fe9f,1359,1479
10870407,sdv-pii-f7idy,sdv-pii-ftlsf,sdv-pii-jsrs2,575,293
6299882,sdv-pii-p8mba,sdv-pii-cyod0,sdv-pii-dtvr3,0,4847
15986572,sdv-pii-5f88r,sdv-pii-k0yzu,sdv-pii-l8p2h,14172,11451
2074000,sdv-pii-i8ubt,sdv-pii-46it7,sdv-pii-zxybo,6620,4100
15036931,sdv-pii-vfdha,sdv-pii-hy2h4,sdv-pii-fnizv,6588,6142
14356162,sdv-pii-nldtb,sdv-pii-uqf87,sdv-pii-pkvyc,13449,14561
13785885,sdv-pii-c4o6s,sdv-pii-knolk,sdv-pii-9xekc,4138,2886
5641643,sdv-pii-u90e9,sdv-pii-yztf5,sdv-pii-pho8w,13162,6231
3255847,sdv-pii-rruq3,sdv-pii-k851i,sdv-pii-2yamd,5962,5144
14883680,sdv-pii-4atid,sdv-pii-qq8ri,sdv-pii-juaav,3400,246
9313944,sdv-pii-uephn,sdv-pii-2iqfg,sdv-pii-2p7rg,12890,14561
6470967,sdv-pii-d6weu,sdv-pii-ubrig,sdv-pii-wofx3,7337,6399
12147763,sdv-pii-lvylp,sdv-pii-xvjcr,sdv-pii-1ykvw,12776,13868
6212513,sdv-pii-72t6g,sdv-pii-eiouc,sdv-pii-4r0qy,12362,12718
15809893,sdv-pii-2gocm,sdv-pii-44ude,sdv-pii-kf8up,11963,13868
13431922,sdv-pii-io174,sdv-pii-gnhml,sdv-pii-uu1ej,12719,5145
3919918,sdv-pii-xn7xw,sdv-pii-89hra,sdv-pii-biydd,4815,4698
3036370,sdv-pii-k4gu4,sdv-pii-k3475,sdv-pii-u8x9p,11448,13240
10834315,sdv-pii-kp820,sdv-pii-szf8z,sdv-pii-k5vqg,13664,13572
1749809,sdv-pii-ut3mt,sdv-pii-00vk5,sdv-pii-qt3bx,3036,8806
7094991,sdv-pii-i4nk6,sdv-pii-u1px8,sdv-pii-t9ifn,11108,0
9414664,sdv-pii-edidr,sdv-pii-1j2ym,sdv-pii-ugswg,3568,1390
14279741,sdv-pii-1la9y,sdv-pii-yaw8x,sdv-pii-vzp94,13157,14561
3024897,sdv-pii-zmasb,sdv-pii-4630y,sdv-pii-dsfgu,13816,12448
4756265,sdv-pii-flxn2,sdv-pii-e8axy,sdv-pii-tgh8w,13854,14274
82237,sdv-pii-k12i2,sdv-pii-jtqnr,sdv-pii-phz9k,5305,2894
6100005,sdv-pii-duo9p,sdv-pii-8r3lu,sdv-pii-pisg4,890,820
5244975,sdv-pii-0srz2,sdv-pii-2imli,sdv-pii-ezu7v,6121,6420
14203729,sdv-pii-90llz,sdv-pii-pct5m,sdv-pii-91gqt,8246,7577
13070621,sdv-pii-218wv,sdv-pii-5o2av,sdv-pii-1zcjq,6570,6093
1339917,sdv-pii-j6vrq,sdv-pii-d98ns,sdv-pii-pmy07,7032,10257
3484518,sdv-pii-qh2s3,sdv-pii-alvmh,sdv-pii-tmxw4,3455,3143
5382704,sdv-pii-qcxnm,sdv-pii-ic2b7,sdv-pii-dvksy,13321,6026
7086418,sdv-pii-h6u8n,sdv-pii-p5ytk,sdv-pii-1g0wg,3198,2659
14886236,sdv-pii-oygcy,sdv-pii-onfyp,sdv-pii-qhxr8,10614,11780
7313664,sdv-pii-zds55,sdv-pii-0y53u,sdv-pii-t5n4r,684,0
14334815,sdv-pii-elvhc,sdv-pii-2iksw,sdv-pii-o20za,5804,4197
15535690,sdv-pii-b1523,sdv-pii-odlqm,sdv-pii-1ye0f,11071,11728
9923178,sdv-pii-akoo7,sdv-pii-4q6d5,sdv-pii-i6ti2,13423,4066
303043,sdv-pii-9invx,sdv-pii-5we7p,sdv-pii-uuu15,8342,6028
10851877,sdv-pii-htyav,sdv-pii-i7yd0,sdv-pii-tumpg,931,673
3715525,sdv-pii-uico2,sdv-pii-z9a6f,sdv-pii-5iv8e,8719,9014
1949025,sdv-pii-v1fzv,sdv-pii-6cix3,sdv-pii-te1dl,459,1228
2547421,sdv-pii-7z2jr,sdv-pii-y2495,sdv-pii-o6u9o,2654,10516
1370767,sdv-pii-g8jn7,sdv-pii-h1axu,sdv-pii-oqoe5,5327,2275
15199778,sdv-pii-rs1f5,sdv-pii-8zvgj,sdv-pii-bra8r,8103,11066
624726,sdv-pii-s6zb5,sdv-pii-gzmz9,sdv-pii-ccbhk,2350,8995
1506342,sdv-pii-bchuw,sdv-pii-ajgvo,sdv-pii-vypb0,415,447
15462542,sdv-pii-misk4,sdv-pii-6etnk,sdv-pii-qo45w,10168,9551
12008238,sdv-pii-00z3e,sdv-pii-ajuco,sdv-pii-cdrhr,3168,0
11061226,sdv-pii-u95bg,sdv-pii-espnx,sdv-pii-saqpf,13963,13854
5268007,sdv-pii-sf3o2,sdv-pii-3xtty,sdv-pii-wdy13,14327,11065
208237,sdv-pii-asokc,sdv-pii-6rfh5,sdv-pii-rwm0e,3416,2007
14075673,sdv-pii-e51tf,sdv-pii-jmjup,sdv-pii-ykezk,10807,12260
4705533,sdv-pii-y2jqm,sdv-pii-20kk8,sdv-pii-ecyt1,4490,4805
1784658,sdv-pii-orqgl,sdv-pii-2n5kq,sdv-pii-6q0pf,12606,12651
2095021,sdv-pii-tlydq,sdv-pii-p8g5b,sdv-pii-6qc82,8045,10126
12543760,sdv-pii-egihi,sdv-pii-aibze,sdv-pii-gsyot,3194,801
11243541,sdv-pii-1ka9v,sdv-pii-ulmde,sdv-pii-v32uk,11128,14506
6207372,sdv-pii-if11v,sdv-pii-u5bqi,sdv-pii-syjhf,5514,886
1655690,sdv-pii-chhfl,sdv-pii-e87xh,sdv-pii-no0ny,9901,13048
4965019,sdv-pii-qp994,sdv-pii-w8xmt,sdv-pii-4vwhm,2471,0
7360604,sdv-pii-k6bxd,sdv-pii-8yeil,sdv-pii-rjurh,926,3080
13255029,sdv-pii-xi1pk,sdv-pii-sc96h,sdv-pii-9gatp,12686,11455
5702379,sdv-pii-8hgq3,sdv-pii-tueyw,sdv-pii-6jhsf,10157,9062
12616846,sdv-pii-ppdgn,sdv-pii-xzsk0,sdv-pii-ri0ys,13640,14561
13625112,sdv-pii-o6vc2,sdv-pii-pyrob,sdv-pii-txc78,1663,2530
13214189,sdv-pii-xax6h,sdv-pii-ubcvr,sdv-pii-40hd7,3828,1151
9891700,sdv-pii-kbszy,sdv-pii-xfbds,sdv-pii-0imqf,6934,4412
2912757,sdv-pii-o8281,sdv-pii-xxcbh,sdv-pii-iwmf1,4714,5546
4802134,sdv-pii-7uytm,sdv-pii-6gdfm,sdv-pii-p0ti0,8070,9880
8859754,sdv-pii-ntid0,sdv-pii-1yf5m,sdv-pii-od23i,82,0
4167306,sdv-pii-6ds6f,sdv-pii-ggp6k,sdv-pii-6txd0,12594,5963
16045726,sdv-pii-i7res,sdv-pii-xjipb,sdv-pii-78slp,13394,13448
15878881,sdv-pii-jb89m,sdv-pii-6reh9,sdv-pii-xecfu,7981,9125
746588,sdv-pii-7i64t,sdv-pii-46ohc,sdv-pii-6f0fv,14197,13245
5441366,sdv-pii-ii898,sdv-pii-oj85n,sdv-pii-uvw93,14327,14009
2081776,sdv-pii-3lit1,sdv-pii-sr0fg,sdv-pii-3s4oh,9423,11908
12737211,sdv-pii-x56rj,sdv-pii-7vuzu,sdv-pii-5he01,10639,11879
1568746,sdv-pii-jx8kf,sdv-pii-of1b8,sdv-pii-d3cfm,6506,11583
3106601,sdv-pii-p0toe,sdv-pii-tv9p9,sdv-pii-bjzqo,1171,0
9843318,sdv-pii-a74zb,sdv-pii-5prkn,sdv-pii-z1xys,885,2039
13449291,sdv-pii-8cr5p,sdv-pii-u68ej,sdv-pii-9tey3,5674,9283
1586827,sdv-pii-xxv5i,sdv-pii-w8hjf,sdv-pii-qg5v1,8712,11533
14844016,sdv-pii-onxcb,sdv-pii-okkx1,sdv-pii-n3mhb,13410,14561
6890208,sdv-pii-zka9x,sdv-pii-aqlmc,sdv-pii-s2k24,532,930
16431890,sdv-pii-v00zg,sdv-pii-w789n,sdv-pii-jum39,2009,6507
10101954,sdv-pii-svm8p,sdv-pii-xplji,sdv-pii-kww9r,12926,12953
15962599,sdv-pii-q9i0d,sdv-pii-xqs9g,sdv-pii-5rgmr,8774,7664
8820478,sdv-pii-igtuo,sdv-pii-4d815,sdv-pii-yjsnt,11789,13746
2359234,sdv-pii-yznyd,sdv-pii-ow48g,sdv-pii-r3mui,8402,13192
13212372,sdv-pii-4et8k,sdv-pii-tgwav,sdv-pii-dh0pa,5381,6766
10267402,sdv-pii-if8sd,sdv-pii-otu71,sdv-pii-1jmlm,720,5019
12330189,sdv-pii-x6sk3,sdv-pii-rligk,sdv-pii-f0282,8876,11379
4408997,sdv-pii-wm7p6,sdv-pii-gk7bq,sdv-pii-eddtq,12576,4476
6758174,sdv-pii-d6z0j,sdv-pii-6n4qk,sdv-pii-hepe2,2558,2985
5427301,sdv-pii-c8x22,sdv-pii-96uzw,sdv-pii-6hidv,7341,7083
3693047,sdv-pii-yxduv,sdv-pii-pvfrt,sdv-pii-ae1va,7011,3253
10160117,sdv-pii-nciby,sdv-pii-pt5p3,sdv-pii-0yxeh,1860,5165
12120888,sdv-pii-c7wo7,sdv-pii-82srg,sdv-pii-5fofo,4744,4758
13760004,sdv-pii-2m1g5,sdv-pii-0qfo4,sdv-pii-nk4c4,11747,13477
15142273,sdv-pii-68xsn,sdv-pii-ygmkg,sdv-pii-utcjd,2950,780
7603223,sdv-pii-kmqdn,sdv-pii-dqabz,sdv-pii-guort,4089,5248
3909009,sdv-pii-g2fhv,sdv-pii-3xrt9,sdv-pii-a53d6,11986,11206
5913958,sdv-pii-k9cth,sdv-pii-eld92,sdv-pii-zsdjw,8484,14146
5587021,sdv-pii-bh728,sdv-pii-roorw,sdv-pii-hvbaa,1429,13272
4906736,sdv-pii-5nidr,sdv-pii-xq43e,sdv-pii-95vd5,7565,6561
8298615,sdv-pii-1qfj6,sdv-pii-ytb3s,sdv-pii-ij087,2086,2399
260534,sdv-pii-lfk5i,sdv-pii-ys97b,sdv-pii-ks8zx,1647,0
12268963,sdv-pii-i8ndp,sdv-pii-tuvu0,sdv-pii-jgrjc,8822,8987
8423236,sdv-pii-qs0t7,sdv-pii-jt3hg,sdv-pii-sbcno,253,445
15746316,sdv-pii-zibr4,sdv-pii-hzrbv,sdv-pii-d9vdc,12720,13918
5036989,sdv-pii-vkvfd,sdv-pii-clk5p,sdv-pii-eznfk,7312,6294
10637725,sdv-pii-oajpc,sdv-pii-1z0on,sdv-pii-454ad,7493,7960
14848,sdv-pii-gr4hj,sdv-pii-vcoem,sdv-pii-d3bug,9464,9261
2082051,sdv-pii-36xio,sdv-pii-yqyu9,sdv-pii-49o9a,8451,1502
2398833,sdv-pii-j4h90,sdv-pii-5pvr1,sdv-pii-8qgyi,6306,2544
7772155,sdv-pii-wukri,sdv-pii-l2k7l,sdv-pii-kd7at,6658,14102
14197700,sdv-pii-gnmhs,sdv-pii-g02pm,sdv-pii-i1vff,6701,5370
2220567,sdv-pii-rlb1r,sdv-pii-brufi,sdv-pii-lognj,6930,7123
5550997,sdv-pii-htbqy,sdv-pii-fu12q,sdv-pii-aa7xo,9223,7861
12410677,sdv-pii-z6vbn,sdv-pii-5j5in,sdv-pii-j3zua,12386,12201
16225936,sdv-pii-0fmwp,sdv-pii-uwhjj,sdv-pii-saxk7,5874,3950
8201451,sdv-pii-ugpzv,sdv-pii-4ovav,sdv-pii-kfyjs,14327,13548
3871165,sdv-pii-zmgpe,sdv-pii-8kdes,sdv-pii-jmje1,12065,1147
2751063,sdv-pii-6jjmo,sdv-pii-2cr9k,sdv-pii-qc2aj,13725,723
2013028,sdv-pii-8ixjk,sdv-pii-7taiu,sdv-pii-e2gos,2801,4925
16348062,sdv-pii-qqpsg,sdv-pii-lej1n,sdv-pii-0llxk,5604,13356
14970997,sdv-pii-k831t,sdv-pii-xwu04,sdv-pii-hotcn,14267,14561
1708516,sdv-pii-swpga,sdv-pii-5a93a,sdv-pii-79a3e,5323,14113
7675336,sdv-pii-8r1c7,sdv-pii-me5av,sdv-pii-szxuq,11164,10633
880669,sdv-pii-kjdx9,sdv-pii-vbblw,sdv-pii-n6hx2,5497,4025
13781834,sdv-pii-oqwla,sdv-pii-s4xro,sdv-pii-djhfv,4096,1530
5286006,sdv-pii-b8sm2,sdv-pii-3tan6,sdv-pii-udb4v,12396,12621
8906336,sdv-pii-h4jyy,sdv-pii-ddudp,sdv-pii-qrn64,12423,10921
11924454,sdv-pii-35p2g,sdv-pii-lllwz,sdv-pii-flvqf,11593,10346
15966765,sdv-pii-yjxk5,sdv-pii-anz7j,sdv-pii-h3eeq,5177,3673
14589440,sdv-pii-dotcu,sdv-pii-cm4hs,sdv-pii-pz096,4424,4308
16588244,sdv-pii-l2ul8,sdv-pii-m06qx,sdv-pii-yzjgi,6041,6180
15972811,sdv-pii-w4zwp,sdv-pii-5xcxw,sdv-pii-gc51x,11924,13899
1808195,sdv-pii-c00kc,sdv-pii-r6vii,sdv-pii-8ag0p,11749,13450
4418752,sdv-pii-y8hl3,sdv-pii-vkay9,sdv-pii-jqpi3,12909,14340
11485648,sdv-pii-7llge,sdv-pii-jmzfi,sdv-pii-ms6t4,13645,12880
15389286,sdv-pii-x7rjt,sdv-pii-5j0hu,sdv-pii-b661e,8851,8610
8042990,sdv-pii-0dnxk,sdv-pii-0k2rv,sdv-pii-kllb0,11109,12729
11182654,sdv-pii-paysy,sdv-pii-mv0ds,sdv-pii-ae7p6,6054,3913
9793928,sdv-pii-vy56r,sdv-pii-ma2l6,sdv-pii-342e2,5633,2606
8093753,sdv-pii-apr1s,sdv-pii-l7osf,sdv-pii-z9fc0,6890,10078
16225899,sdv-pii-nwobe,sdv-pii-clu8a,sdv-pii-13haq,12377,14561
2184671,sdv-pii-hiu6g,sdv-pii-gxjrq,sdv-pii-zh5i2,2660,11214
8534750,sdv-pii-hewqr,sdv-pii-8uxh5,sdv-pii-xyixh,5337,1038
7811110,sdv-pii-18us7,sdv-pii-hgcts,sdv-pii-bsbaj,10444,10940
10377170,sdv-pii-ww34f,sdv-pii-9djws,sdv-pii-5781r,11384,11245
11005758,sdv-pii-4mnf7,sdv-pii-5fthh,sdv-pii-vnq9w,654,0
729711,sdv-pii-r8cyf,sdv-pii-06gjn,sdv-pii-umxsc,1372,1203
3256392,sdv-pii-2qznu,sdv-pii-uzvyv,sdv-pii-eueob,6872,6144
7312502,sdv-pii-x0nx9,sdv-pii-kjqzo,sdv-pii-3cxwb,3437,10823
12393953,sdv-pii-1b3zw,sdv-pii-nttlk,sdv-pii-2tb8z,9327,11926
5196297,sdv-pii-irrsf,sdv-pii-w6ena,sdv-pii-3exkn,641,0
8105966,sdv-pii-tpqm0,sdv-pii-ek2z2,sdv-pii-3ezew,11301,13297
721000,sdv-pii-0lacl,sdv-pii-zqeet,sdv-pii-26brw,2175,6081
15307479,sdv-pii-d79u0,sdv-pii-4p0yc,sdv-pii-rjkd9,4914,2586
10578663,sdv-pii-85wzj,sdv-pii-0r8op,sdv-pii-lctqv,6872,5013
6867685,sdv-pii-z4b81,sdv-pii-k1u6z,sdv-pii-pkll2,8224,9330
4030384,sdv-pii-cwc2v,sdv-pii-mb8jj,sdv-pii-2dvee,6271,6963
11863677,sdv-pii-o62ak,sdv-pii-xm8pn,sdv-pii-6tpzw,1785,2291
12655659,sdv-pii-0tl35,sdv-pii-7bxhw,sdv-pii-0dxrt,7163,12437
11073947,sdv-pii-4nmrr,sdv-pii-vi6gb,sdv-pii-sw8oa,3611,9694
14905748,sdv-pii-mv6sl,sdv-pii-12wyg,sdv-pii-qfmn8,1922,2563
1743413,sdv-pii-mduno,sdv-pii-rfkcy,sdv-pii-cpp0a,8314,14561
10910039,sdv-pii-umuu7,sdv-pii-jodam,sdv-pii-ofe50,6820,6675
1224041,sdv-pii-bec48,sdv-pii-iry4g,sdv-pii-n1zdn,5044,3355
11352529,sdv-pii-1h4u3,sdv-pii-rr631,sdv-pii-sknyc,8116,8252
13670093,sdv-pii-hp9wx,sdv-pii-czn2v,sdv-pii-8bdue,7455,5294
11327667,sdv-pii-kokkq,sdv-pii-mzjd7,sdv-pii-npr9k,13590,13556
9847369,sdv-pii-1cj9r,sdv-pii-s9333,sdv-pii-xnpxw,11283,2985
1523068,sdv-pii-p0fei,sdv-pii-xy2yn,sdv-pii-vjusw,931,4921
15544553,sdv-pii-bcn32,sdv-pii-yohou,sdv-pii-iuurf,8690,5796
15632076,sdv-pii-inkbm,sdv-pii-peflk,sdv-pii-3bref,6546,3527
1637445,sdv-pii-wljmf,sdv-pii-in1fw,sdv-pii-jer8c,11132,5340
16638228,sdv-pii-ihpb3,sdv-pii-1mei7,sdv-pii-igfnf,2986,2746
13170548,sdv-pii-qt801,sdv-pii-6wsll,sdv-pii-2yg9e,12016,12882
6289018,sdv-pii-j1bqv,sdv-pii-vup5a,sdv-pii-qvu09,5774,871
16690250,sdv-pii-mlyxa,sdv-pii-720mw,sdv-pii-bjwft,8019,10839
10366932,sdv-pii-1ukim,sdv-pii-3pu9k,sdv-pii-ams2f,1175,57
15123158,sdv-pii-mbq82,sdv-pii-6sinr,sdv-pii-uqjcc,3159,5481
11981513,sdv-pii-mzgnb,sdv-pii-8nqc2,sdv-pii-75yp6,9283,7906
5967686,sdv-pii-fw6km,sdv-pii-r63us,sdv-pii-hj43s,6663,6392
16296510,sdv-pii-7lfyj,sdv-pii-60vn4,sdv-pii-1rhhy,5200,3767
13350081,sdv-pii-u7ed3,sdv-pii-o2zcv,sdv-pii-gsd8y,6740,705
14566596,sdv-pii-q8npe,sdv-pii-16j9d,sdv-pii-rkjhj,8202,11034
7185719,sdv-pii-laiuj,sdv-pii-5xtxw,sdv-pii-b1wbo,7281,6600
832296,sdv-pii-0l719,sdv-pii-i8emg,sdv-pii-acss3,9770,8384
14056769,sdv-pii-xsmgn,sdv-pii-32mz2,sdv-pii-mm44n,5340,2618
1519294,sdv-pii-nrtf6,sdv-pii-oe6k8,sdv-pii-01wur,6514,4636
9569534,sdv-pii-35fb4,sdv-pii-piwt2,sdv-pii-tvs9u,7913,4534
7196293,sdv-pii-3rm2a,sdv-pii-s6ind,sdv-pii-50z0x,3600,2652
8143663,sdv-pii-77dmx,sdv-pii-ntcyf,sdv-pii-6o7tr,8188,10813
11015081,sdv-pii-wtv4e,sdv-pii-af4tn,sdv-pii-fj75z,7609,8054
3008531,sdv-pii-q3n5i,sdv-pii-43nh8,sdv-pii-3g3ey,2979,0
3931438,sdv-pii-od6ir,sdv-pii-nblkn,sdv-pii-ia3j4,4365,3825
13857252,sdv-pii-vgyc5,sdv-pii-q0pui,sdv-pii-r46ev,10934,11118
1149900,sdv-pii-1up3m,sdv-pii-xzuli,sdv-pii-mcsmu,8230,9721
1263069,sdv-pii-tlrt0,sdv-pii-5c5vw,sdv-pii-qt964,816,374
14978634,sdv-pii-io0ej,sdv-pii-umkw2,sdv-pii-m6hp6,11630,2724
4902635,sdv-pii-yhkno,sdv-pii-snnzw,sdv-pii-1hrwq,13767,14534
12763317,sdv-pii-1qodu,sdv-pii-rqcss,sdv-pii-e8eqj,7559,5210
3878431,sdv-pii-dj8i8,sdv-pii-msfmm,sdv-pii-egblq,8101,7841
4135733,sdv-pii-sgefx,sdv-pii-098xf,sdv-pii-qbykn,14327,14561
1140762,sdv-pii-oi5c8,sdv-pii-d3w9p,sdv-pii-4of8y,4456,13908
8848079,sdv-pii-7f27f,sdv-pii-43kpa,sdv-pii-4mnv1,5495,2851
13558322,sdv-pii-t2juq,sdv-pii-f4rqf,sdv-pii-htgub,4876,4134
3814380,sdv-pii-i0d91,sdv-pii-dpl4o,sdv-pii-18alz,9078,14561
4076875,sdv-pii-ovwtn,sdv-pii-x7niv,sdv-pii-xbbnx,3074,4441
16367955,sdv-pii-c6744,sdv-pii-ltxwj,sdv-pii-eej48,7105,11361
12809782,sdv-pii-r3p54,sdv-pii-nv53o,sdv-pii-vt9q3,13921,14561
5560751,sdv-pii-7qf7z,sdv-pii-q1pro,sdv-pii-t2n7q,11836,14561
9202854,sdv-pii-tb8v9,sdv-pii-3b8lo,sdv-pii-jyg3l,12156,5864
4565528,sdv-pii-bziyf,sdv-pii-4uxwb,sdv-pii-02msx,11052,12457
4666250,sdv-pii-mkkro,sdv-pii-dzihc,sdv-pii-17hyj,4938,12757
12262060,sdv-pii-akqy8,sdv-pii-d8u4s,sdv-pii-ozg6p,3496,3515
9027318,sdv-pii-evl1e,sdv-pii-40fpa,sdv-pii-t5m40,1066,667
1665923,sdv-pii-urban,sdv-pii-zqfxu,sdv-pii-0qm51,11413,10401
2919688,sdv-pii-allvq,sdv-pii-w76gi,sdv-pii-0sl67,2902,915
2382748,sdv-pii-lrplf,sdv-pii-ct7ok,sdv-pii-bu8q7,7949,5210
5094812,sdv-pii-bzfec,sdv-pii-cm8rp,sdv-pii-68p9h,6843,6428
10596330,sdv-pii-k630c,sdv-pii-o080x,sdv-pii-7bngz,4955,9040
3557332,sdv-pii-j1pxh,sdv-pii-v3qu8,sdv-pii-x9ajw,11959,12950
16732560,sdv-pii-9wzll,sdv-pii-r69pu,sdv-pii-599o6,2752,5271
10198241,sdv-pii-16phy,sdv-pii-iaue3,sdv-pii-0z6px,8595,8919
2171791,sdv-pii-gmpfd,sdv-pii-af2vw,sdv-pii-blbno,9065,12597
5847549,sdv-pii-4azio,sdv-pii-rhf01,sdv-pii-00pbt,4532,1582
14450734,sdv-pii-5qokp,sdv-pii-gfkv8,sdv-pii-go79o,6164,4398
4467400,sdv-pii-us5wq,sdv-pii-lf8d4,sdv-pii-bx9jj,8101,5706
10153954,sdv-pii-dwi42,sdv-pii-to306,sdv-pii-0c664,8545,13849
6604266,sdv-pii-4ramn,sdv-pii-sh5gy,sdv-pii-r0rxq,13881,7087
4036288,sdv-pii-4by66,sdv-pii-6nqg2,sdv-pii-nz57v,12608,14561
8740616,sdv-pii-srr9k,sdv-pii-wc7hl,sdv-pii-4f5rx,12719,11955
15473298,sdv-pii-0n0gs,sdv-pii-p4rjb,sdv-pii-jjuu1,2844,386
2713673,sdv-pii-5yj6p,sdv-pii-imear,sdv-pii-615au,10347,12630
7258375,sdv-pii-t9y1v,sdv-pii-kxx7m,sdv-pii-2o5de,5298,6441
12286730,sdv-pii-jh964,sdv-pii-gf9dq,sdv-pii-89qxs,7186,5942
2534493,sdv-pii-0djzq,sdv-pii-wccxk,sdv-pii-rdb8g,14264,13313
4316129,sdv-pii-g0nst,sdv-pii-w9qtj,sdv-pii-00naf,8849,12228
12789775,sdv-pii-hvjp5,sdv-pii-dlzt3,sdv-pii-w9n8d,9158,9260
5347090,sdv-pii-ov6r1,sdv-pii-ynd2g,sdv-pii-wllmg,3877,7381
7665035,sdv-pii-7q989,sdv-pii-1wxvb,sdv-pii-kxtwp,10156,12661
14938073,sdv-pii-nesbc,sdv-pii-dfa2j,sdv-pii-oqi6u,6946,14267
15241120,sdv-pii-byp7f,sdv-pii-8r4mt,sdv-pii-ztbma,14327,14244
1546328,sdv-pii-6a1xo,sdv-pii-5shqg,sdv-pii-kc1z2,6742,2698
1819435,sdv-pii-etbhk,sdv-pii-5l6t1,sdv-pii-ma0hg,10706,11493
2696490,sdv-pii-hxbwi,sdv-pii-zcimh,sdv-pii-nr4i4,504,983
16387796,sdv-pii-95dz3,sdv-pii-a67fr,sdv-pii-oi8qy,8249,2605
3156397,sdv-pii-djftk,sdv-pii-nvdsw,sdv-pii-1xsmh,5262,5238
13256155,sdv-pii-53hjx,sdv-pii-bh7ma,sdv-pii-g762w,8021,4409
6764837,sdv-pii-yywdi,sdv-pii-rrxr9,sdv-pii-rzj3z,13425,13226
11116618,sdv-pii-9ez25,sdv-pii-zk7et,sdv-pii-qmqf9,8343,1459
8031145,sdv-pii-cmjbc,sdv-pii-ii1nk,sdv-pii-2ch9p,9714,4860
9091774,sdv-pii-atopm,sdv-pii-r7bfn,sdv-pii-r5idy,5518,6169
11034425,sdv-pii-owq83,sdv-pii-clpvm,sdv-pii-28u4m,3691,1930
12617458,sdv-pii-h5qdu,sdv-pii-w4yqd,sdv-pii-gdaf4,3305,0
4290461,sdv-pii-kzb0j,sdv-pii-n2qsl,sdv-pii-83qkr,6694,4921
10097054,sdv-pii-dcrzw,sdv-pii-3rgu4,sdv-pii-bbbwn,7757,11397
8472744,sdv-pii-bhkr5,sdv-pii-td63h,sdv-pii-x983j,5052,527
2674009,sdv-pii-js012,sdv-pii-s5t56,sdv-pii-56ksa,13335,13577
10485190,sdv-pii-j6cev,sdv-pii-llcb3,sdv-pii-89y6l,11481,6337
1686817,sdv-pii-zau9s,sdv-pii-dlvi3,sdv-pii-e7gnq,5810,3573
13430138,sdv-pii-50o18,sdv-pii-58ptf,sdv-pii-6d4x4,5826,3793
1447104,sdv-pii-dqqcd,sdv-pii-vwe8d,sdv-pii-ko9y3,10949,11947
5410230,sdv-pii-2vrmm,sdv-pii-xsr0q,sdv-pii-ea185,4741,2778
6534588,sdv-pii-2bu26,sdv-pii-xy2zu,sdv-pii-lnccq,8303,8183
8008206,sdv-pii-ufwsk,sdv-pii-2vpka,sdv-pii-6upka,350,1823
16378923,sdv-pii-orxw9,sdv-pii-oapoy,sdv-pii-sdwn9,6867,3112
5250303,sdv-pii-a1j0c,sdv-pii-d3bdn,sdv-pii-eddjf,881,2049
8088455,sdv-pii-xttom,sdv-pii-9b6wq,sdv-pii-ifh28,6963,2053
2247201,sdv-pii-9roy4,sdv-pii-26px7,sdv-pii-lm5dc,987,466
11446457,sdv-pii-5od1k,sdv-pii-xcetu,sdv-pii-80jh9,6873,6443
124989,sdv-pii-nzbn9,sdv-pii-unqrr,sdv-pii-grma1,7462,9591
12288353,sdv-pii-do83d,sdv-pii-uy5ad,sdv-pii-p4x8j,13446,9032
11985472,sdv-pii-xqjmv,sdv-pii-uy8yr,sdv-pii-qdtgg,7867,5423
4529691,sdv-pii-tb4py,sdv-pii-op8br,sdv-pii-sthfn,5525,4293
12789524,sdv-pii-rqtes,sdv-pii-3882s,sdv-pii-20b0y,13546,14464
5804283,sdv-pii-vqogo,sdv-pii-dyp2q,sdv-pii-332bx,1438,9133
5610987,sdv-pii-vgvs8,sdv-pii-hzfnf,sdv-pii-0x6h1,8720,11150
6487281,sdv-pii-32hsr,sdv-pii-er1cb,sdv-pii-ctilk,1851,7965
8860514,sdv-pii-qz73c,sdv-pii-p3eqq,sdv-pii-3rkzc,3875,3690
4622910,sdv-pii-6g0v3,sdv-pii-99ih6,sdv-pii-tu544,4218,3273
3518914,sdv-pii-lcekt,sdv-pii-x8co1,sdv-pii-ccays,9411,13374
6900274,sdv-pii-8yymq,sdv-pii-z0rwv,sdv-pii-mur7d,7362,3736
13836369,sdv-pii-86u3a,sdv-pii-0qj5w,sdv-pii-p3cc0,12038,13765
10575792,sdv-pii-69x4a,sdv-pii-mshnz,sdv-pii-2vlyx,13479,13028
14207747,sdv-pii-g5wsq,sdv-pii-x22yf,sdv-pii-7xksw,13967,13659
15152819,sdv-pii-s88eu,sdv-pii-qcbok,sdv-pii-uqnok,13747,13971
9259822,sdv-pii-4030x,sdv-pii-2rqwf,sdv-pii-dtvpn,5351,7675
3142447,sdv-pii-9jlhp,sdv-pii-8hmgm,sdv-pii-siae1,3636,13103
5894092,sdv-pii-t1jgc,sdv-pii-dsv4v,sdv-pii-t52wt,3202,1756
14116808,sdv-pii-48ysb,sdv-pii-u2vaw,sdv-pii-b7nhb,1704,881
942877,sdv-pii-m43lb,sdv-pii-y5ngq,sdv-pii-i7rp5,3933,6357
88915,sdv-pii-18lnc,sdv-pii-00cz1,sdv-pii-pyn9d,6087,5084
880291,sdv-pii-w6vrm,sdv-pii-4pk2u,sdv-pii-82aku,8203,6266
5002426,sdv-pii-86qvi,sdv-pii-42jr3,sdv-pii-velfc,7454,2774
13467964,sdv-pii-jy9ef,sdv-pii-ao97x,sdv-pii-sf2ur,2202,4041
6285755,sdv-pii-ohkb3,sdv-pii-2m3h6,sdv-pii-ic49d,14326,13862
14701003,sdv-pii-9hhm9,sdv-pii-0kirp,sdv-pii-8n3vr,2616,3956
12658444,sdv-pii-a5fti,sdv-pii-vnyt3,sdv-pii-iwmph,13369,5580
16314924,sdv-pii-fsy26,sdv-pii-n2ze3,sdv-pii-fdb3n,11306,8533
7327648,sdv-pii-u5u63,sdv-pii-w4oa2,sdv-pii-3dg5e,11011,10999
4029775,sdv-pii-z2bd4,sdv-pii-9ut9s,sdv-pii-40maw,4192,14561
7649773,sdv-pii-4sdsq,sdv-pii-qqv04,sdv-pii-311pl,6466,3059
1912512,sdv-pii-pp6f3,sdv-pii-3v8eo,sdv-pii-g9ekw,3698,11322
2770595,sdv-pii-le9z4,sdv-pii-j1izc,sdv-pii-j1liv,665,1124
16462413,sdv-pii-8bwa6,sdv-pii-ol8f8,sdv-pii-rz99x,7946,11941
8441140,sdv-pii-z0ev3,sdv-pii-5svhw,sdv-pii-eavzh,13189,13016
12589820,sdv-pii-mwpp9,sdv-pii-hg15b,sdv-pii-1t3me,6896,4565
8394643,sdv-pii-58wpu,sdv-pii-7gtwa,sdv-pii-oh1uu,5916,4334
15332855,sdv-pii-tqvna,sdv-pii-u3x28,sdv-pii-fl99o,7141,6678
3164585,sdv-pii-ntg2k,sdv-pii-jfgyj,sdv-pii-85m2h,6592,4304
9499899,sdv-pii-fsr1k,sdv-pii-is1za,sdv-pii-6iq1f,8627,9760
13129096,sdv-pii-syp34,sdv-pii-cj6zd,sdv-pii-v7uni,69,356
7324591,sdv-pii-etxkq,sdv-pii-469jw,sdv-pii-lsgoh,6178,12884
7028952,sdv-pii-lips7,sdv-pii-gkfnv,sdv-pii-3wx6f,12145,12400
7854907,sdv-pii-lzr9g,sdv-pii-fw4oi,sdv-pii-g24lx,993,2010
1877210,sdv-pii-bqywb,sdv-pii-8wqww,sdv-pii-239y1,2769,13981
12638829,sdv-pii-02vwf,sdv-pii-ekyep,sdv-pii-kld5a,13552,7383
9012340,sdv-pii-s5y29,sdv-pii-83a0l,sdv-pii-hq2d7,9579,11933
7960530,sdv-pii-yv7i6,sdv-pii-r9y1t,sdv-pii-wr3lt,7896,5675
1723512,sdv-pii-x21e9,sdv-pii-0gyzn,sdv-pii-znj0l,14067,13656
8702704,sdv-pii-a1foa,sdv-pii-fpn2p,sdv-pii-1swbd,4609,4090
2843254,sdv-pii-mqy3h,sdv-pii-s5al4,sdv-pii-d7tmw,12729,12300
10829371,sdv-pii-sextu,sdv-pii-e3728,sdv-pii-s03aa,10694,10424
4947629,sdv-pii-du1jz,sdv-pii-r56te,sdv-pii-p3bhw,4854,4904
1268553,sdv-pii-mezqa,sdv-pii-k4173,sdv-pii-t3gn2,7973,11970
8690580,sdv-pii-0w8zw,sdv-pii-0h274,sdv-pii-lc90g,4662,4376
7466732,sdv-pii-aoucs,sdv-pii-08o94,sdv-pii-pdyfj,4530,5045
1481120,sdv-pii-6n3cj,sdv-pii-mjf2b,sdv-pii-zgfhp,774,0
13043895,sdv-pii-fio7j,sdv-pii-2ud6m,sdv-pii-9261o,6657,6316
15426083,sdv-pii-tjupb,sdv-pii-ru9be,sdv-pii-8taob,13291,13901
8335196,sdv-pii-nxyeb,sdv-pii-0t0h2,sdv-pii-p4oqb,13029,13501
2873218,sdv-pii-z6vkd,sdv-pii-htuaq,sdv-pii-v8me7,7519,9106
2418965,sdv-pii-8ft67,sdv-pii-4h56k,sdv-pii-njvdg,2393,1478
15974242,sdv-pii-3fe1a,sdv-pii-xojxo,sdv-pii-gcssq,4192,2653
4215112,sdv-pii-3nrpy,sdv-pii-8gi1a,sdv-pii-dg29m,2565,1889
4609476,sdv-pii-mviyb,sdv-pii-k10tf,sdv-pii-tphgr,8983,7790
12007367,sdv-pii-h68il,sdv-pii-1vzqd,sdv-pii-n7qrg,3999,0
12394532,sdv-pii-ak4tk,sdv-pii-nsyld,sdv-pii-gkx8h,7137,6286
11729143,sdv-pii-99emh,sdv-pii-09iwj,sdv-pii-b5jo7,1418,5185
11175420,sdv-pii-c4x30,sdv-pii-pf859,sdv-pii-6eao1,13971,13511
13441278,sdv-pii-u1wmd,sdv-pii-ld1hf,sdv-pii-str6l,6508,3631
6729912,sdv-pii-wfoxt,sdv-pii-dlku3,sdv-pii-akzgq,3639,4790
54449,sdv-pii-xbucl,sdv-pii-00prg,sdv-pii-3sdem,14124,14439
15047403,sdv-pii-tkupb,sdv-pii-l07c4,sdv-pii-76ugc,14327,14031
8105330,sdv-pii-ipzbs,sdv-pii-rrl0c,sdv-pii-3s0oe,1168,575
2497960,sdv-pii-q017q,sdv-pii-4pxoy,sdv-pii-h1vj9,639,12829
13846641,sdv-pii-jzl2a,sdv-pii-g6ggk,sdv-pii-su9jf,2955,6622
12783685,sdv-pii-yqzcf,sdv-pii-0nui9,sdv-pii-8m3r2,6823,5718
15384212,sdv-pii-nfhcx,sdv-pii-xoizu,sdv-pii-4qva8,12391,13104
5717046,sdv-pii-0u6cl,sdv-pii-g6wur,sdv-pii-d7oi1,10460,13231
5577392,sdv-pii-oqzvg,sdv-pii-wzbx6,sdv-pii-9s264,4551,7442
8127362,sdv-pii-of83m,sdv-pii-oa4t4,sdv-pii-07xcx,10500,5763
9416660,sdv-pii-wfqpu,sdv-pii-3e43d,sdv-pii-oh5q4,217,13154
1122563,sdv-pii-d36el,sdv-pii-5jqc0,sdv-pii-4vhwd,7682,9146
6932207,sdv-pii-ofaon,sdv-pii-e83b7,sdv-pii-10ddd,5026,5125
9838845,sdv-pii-sxerp,sdv-pii-r9mw4,sdv-pii-wnnyb,314,195
11796384,sdv-pii-p17iv,sdv-pii-2wga9,sdv-pii-7xjtf,8210,7570
11964778,sdv-pii-fmvc2,sdv-pii-ess5e,sdv-pii-x9qiw,1827,1477
12159703,sdv-pii-6bawn,sdv-pii-t2wmh,sdv-pii-mwq2t,10834,4604
1034903,sdv-pii-dxq2x,sdv-pii-8dsqu,sdv-pii-oprli,9865,11043
12712365,sdv-pii-to8fj,sdv-pii-khxau,sdv-pii-d46u9,6150,3644
12494371,sdv-pii-5w0d0,sdv-pii-fl6ca,sdv-pii-dpbyf,6908,4999
11261159,sdv-pii-asdiy,sdv-pii-ljkeb,sdv-pii-m9yyn,1518,278
6111829,sdv-pii-r3yiq,sdv-pii-wxs1d,sdv-pii-je8w4,10476,10329
720306,sdv-pii-2nrao,sdv-pii-jwxuc,sdv-pii-2u4db,6318,4088
5081637,sdv-pii-v2zsi,sdv-pii-843x4,sdv-pii-7zbsz,11599,14561
4221465,sdv-pii-0b29f,sdv-pii-jdpnp,sdv-pii-ge7t3,2958,1740
16437954,sdv-pii-g72f1,sdv-pii-n8260,sdv-pii-wd4dt,12045,12054
584681,sdv-pii-qfkjt,sdv-pii-z513x,sdv-pii-d2s8g,1042,173
1243196,sdv-pii-grg3e,sdv-pii-uprad,sdv-pii-d2e9q,9159,9742
8675243,sdv-pii-nxadz,sdv-pii-lw3pu,sdv-pii-y87jx,4673,11237
16499049,sdv-pii-awxbh,sdv-pii-7ofae,sdv-pii-lu1z1,4174,8613
16145808,sdv-pii-4lzvm,sdv-pii-2gpoh,sdv-pii-qgxqr,9549,10120
947351,sdv-pii-3y0r3,sdv-pii-k8gqz,sdv-pii-rxo5b,5181,7043
9940954,sdv-pii-qstfc,sdv-pii-vcibk,sdv-pii-zu6q5,7815,7444
7081683,sdv-pii-7ipj3,sdv-pii-242zs,sdv-pii-cvkex,9140,8102
6689331,sdv-pii-5f3kc,sdv-pii-637pp,sdv-pii-mscac,6429,3712
15591941,sdv-pii-epitr,sdv-pii-rx4jq,sdv-pii-terus,9698,11685
7232457,sdv-pii-gc8fo,sdv-pii-htji7,sdv-pii-f0uy0,4759,1443
2070912,sdv-pii-lhy3o,sdv-pii-v3xgq,sdv-pii-o5f0q,495,826
3892731,sdv-pii-w3560,sdv-pii-2yoqt,sdv-pii-u6zyu,6562,4984
16093248,sdv-pii-73d0r,sdv-pii-yyty5,sdv-pii-s5z5a,4877,1502
4151509,sdv-pii-38a46,sdv-pii-bttvq,sdv-pii-auw1r,12629,14228
2587684,sdv-pii-cz9ip,sdv-pii-3eclq,sdv-pii-5z7nr,1320,0
7223513,sdv-pii-smnq1,sdv-pii-kqugd,sdv-pii-bb7uj,2128,9826
4481614,sdv-pii-193oj,sdv-pii-1i4wz,sdv-pii-u5j29,1925,532
16652839,sdv-pii-wexzc,sdv-pii-hwi1j,sdv-pii-gwuzz,10241,14158
13323171,sdv-pii-1ao3h,sdv-pii-rxez9,sdv-pii-t7oun,0,337
15010059,sdv-pii-yb8ja,sdv-pii-9r1iw,sdv-pii-gvxuj,6719,7561
11787315,sdv-pii-7yckn,sdv-pii-11l7v,sdv-pii-r43zx,193,979
3377341,sdv-pii-ygmu9,sdv-pii-gx7wb,sdv-pii-878j8,2790,8981
5735183,sdv-pii-08e4x,sdv-pii-kjfpn,sdv-pii-wyw4y,588,540
6087805,sdv-pii-s61wj,sdv-pii-g2uy6,sdv-pii-6gje6,7289,7924
14639916,sdv-pii-qbk07,sdv-pii-xyi7h,sdv-pii-pfdy4,1238,0
15701968,sdv-pii-0l5c4,sdv-pii-3814s,sdv-pii-6iew3,11295,13417
15832346,sdv-pii-vbp26,sdv-pii-697xj,sdv-pii-zs12p,1683,10423
14653316,sdv-pii-rwghr,sdv-pii-wgrm0,sdv-pii-kqepm,4958,400
8005054,sdv-pii-klxb0,sdv-pii-i91ro,sdv-pii-c64h7,7245,4702
10874784,sdv-pii-itjtt,sdv-pii-wbeeb,sdv-pii-m7eua,9357,8929
11351666,sdv-pii-1ad9v,sdv-pii-jqcod,sdv-pii-4gdhq,9027,11499
4515643,sdv-pii-gk6ik,sdv-pii-y1gwm,sdv-pii-j8w8r,3833,2351
12985450,sdv-pii-7f5e6,sdv-pii-dz33z,sdv-pii-w8hck,10079,14167
8062875,sdv-pii-niqbd,sdv-pii-qpc20,sdv-pii-oipn4,0,849
16469685,sdv-pii-g9ehw,sdv-pii-vq6y1,sdv-pii-ea9xz,0,246
3926073,sdv-pii-3b9dm,sdv-pii-sk98r,sdv-pii-ly5ig,14327,14400
13345284,sdv-pii-tpumm,sdv-pii-ewb3q,sdv-pii-6qeuq,3471,1848
6812685,sdv-pii-t8ujq,sdv-pii-d4igd,sdv-pii-ituf8,0,2208
9537289,sdv-pii-jitxo,sdv-pii-ft04n,sdv-pii-ssnz3,6286,7828
2406457,sdv-pii-ksr3o,sdv-pii-5w8q2,sdv-pii-tna0a,11660,13318
12905622,sdv-pii-i4lrp,sdv-pii-xga8v,sdv-pii-c7ucx,8325,13092
1790161,sdv-pii-2mxut,sdv-pii-wclu9,sdv-pii-3y1eu,5011,10493
7505463,sdv-pii-wjhai,sdv-pii-6epvk,sdv-pii-aeqrn,11373,13053
15140378,sdv-pii-0yg3t,sdv-pii-qkhxj,sdv-pii-pd2t3,9123,10798
11843844,sdv-pii-w3ujd,sdv-pii-pbuf0,sdv-pii-sgyyk,1487,2969
10405546,sdv-pii-kqx6k,sdv-pii-zuyhz,sdv-pii-ilzon,1593,1054
16756611,sdv-pii-3bnn5,sdv-pii-7z5e7,sdv-pii-0wrq2,1201,851
7128095,sdv-pii-jf3e9,sdv-pii-5j9fk,sdv-pii-zfb4m,11145,14374
9262672,sdv-pii-ysoyd,sdv-pii-7dni0,sdv-pii-ebhui,8891,10763
6248944,sdv-pii-3uk3u,sdv-pii-evzxj,sdv-pii-ndai8,6460,7436
13328240,sdv-pii-u7k1s,sdv-pii-zs5ti,sdv-pii-ac669,0,677
6231537,sdv-pii-gv7z4,sdv-pii-hgdf8,sdv-pii-h9ic2,6315,2185
7248226,sdv-pii-7w3je,sdv-pii-qc899,sdv-pii-a07z5,6941,4906
3899026,sdv-pii-4qwrq,sdv-pii-bq8rt,sdv-pii-me3ph,2855,7376
12472187,sdv-pii-pjmxa,sdv-pii-hzeof,sdv-pii-s8qm1,9732,12860
10819326,sdv-pii-jyv1j,sdv-pii-qplin,sdv-pii-rwl19,7179,6486
4418560,sdv-pii-ikq3t,sdv-pii-9rec7,sdv-pii-cfl2e,10956,0
8279293,sdv-pii-owj27,sdv-pii-iqkus,sdv-pii-wujgk,4379,8416
31936,sdv-pii-ve48d,sdv-pii-c99tl,sdv-pii-hixil,3002,2355
7408939,sdv-pii-v0iwc,sdv-pii-t9je3,sdv-pii-m1v6w,4592,6959
11095574,sdv-pii-6b87g,sdv-pii-ra9s9,sdv-pii-jsweg,7780,9553
5472894,sdv-pii-8n6va,sdv-pii-1efxj,sdv-pii-ys9sf,2676,9574
2140269,sdv-pii-nq14d,sdv-pii-sbozc,sdv-pii-8b8bk,1318,1448
9817935,sdv-pii-ae7kl,sdv-pii-dcmb0,sdv-pii-z83ax,13029,10827
15324267,sdv-pii-gvu44,sdv-pii-odyib,sdv-pii-jhmxp,7971,11787
9623730,sdv-pii-w8ypp,sdv-pii-csvgh,sdv-pii-icpiq,9805,12197
13739709,sdv-pii-wbh7k,sdv-pii-nboxg,sdv-pii-xokdt,6610,5409
10300546,sdv-pii-jrmag,sdv-pii-k2dor,sdv-pii-c3tqf,9343,6562
14687751,sdv-pii-sloe7,sdv-pii-32l0l,sdv-pii-owkzs,14179,12921
13129005,sdv-pii-54bma,sdv-pii-3q4yv,sdv-pii-ogwyg,8833,12844
5169189,sdv-pii-2bkoj,sdv-pii-bcjsk,sdv-pii-bfpdc,9393,14497
14328158,sdv-pii-kk424,sdv-pii-fji3v,sdv-pii-l5yz1,7043,9682
6581151,sdv-pii-y3cj5,sdv-pii-5paw2,sdv-pii-g0u4u,452,4140
7677718,sdv-pii-z8lcq,sdv-pii-uxrb9,sdv-pii-8j1hy,7716,9753
2980396,sdv-pii-e8kve,sdv-pii-37jxy,sdv-pii-6dh72,14183,370
14234919,sdv-pii-k8hqd,sdv-pii-cyij8,sdv-pii-w03e3,6155,4966
2291359,sdv-pii-fxpxb,sdv-pii-dsbcv,sdv-pii-f56mo,5089,6478
4851661,sdv-pii-dmpz6,sdv-pii-juqkd,sdv-pii-p3z9e,8687,6983
14196956,sdv-pii-svdm6,sdv-pii-mlj41,sdv-pii-1gdtk,8174,11556
80596,sdv-pii-3x1xb,sdv-pii-bba6g,sdv-pii-dubms,6968,4741
15800330,sdv-pii-vk9ij,sdv-pii-wf9rn,sdv-pii-51534,2541,1116
12510783,sdv-pii-38138,sdv-pii-ot8ot,sdv-pii-gu09m,8882,9584
11167632,sdv-pii-rrwrg,sdv-pii-g86h3,sdv-pii-q72gf,9190,10628
7475787,sdv-pii-t6qnb,sdv-pii-j35le,sdv-pii-put4r,5174,4704
3063417,sdv-pii-3ji2w,sdv-pii-b41jg,sdv-pii-gsurl,12281,8620
11391056,sdv-pii-8406m,sdv-pii-3s799,sdv-pii-p7b41,8042,13931
3305931,sdv-pii-8sma9,sdv-pii-1nsbd,sdv-pii-ntijy,5651,10189
14591426,sdv-pii-82wy7,sdv-pii-t2u32,sdv-pii-nbqgu,6904,8027
39761,sdv-pii-rldp2,sdv-pii-dt09l,sdv-pii-fag79,628,429
2710931,sdv-pii-c9737,sdv-pii-jcbsi,sdv-pii-j5fdx,6690,2994
1179923,sdv-pii-rd77v,sdv-pii-1we0n,sdv-pii-xedeh,7289,2536
1359510,sdv-pii-4h9yz,sdv-pii-0p6h3,sdv-pii-2qyg6,6475,4098
12767370,sdv-pii-5dz06,sdv-pii-0qn5o,sdv-pii-b6ego,1306,2720
5570569,sdv-pii-d9qid,sdv-pii-pfe1r,sdv-pii-qlikf,7960,6425
6610285,sdv-pii-vtjf5,sdv-pii-rjcb9,sdv-pii-3og7e,1183,38
2566966,sdv-pii-q8ihz,sdv-pii-4te48,sdv-pii-qffy6,13776,6367
8828249,sdv-pii-pd1vw,sdv-pii-9h5r4,sdv-pii-ecehx,10082,13667
11019192,sdv-pii-zrhws,sdv-pii-dvdbv,sdv-pii-2blce,7642,11063
5078420,sdv-pii-p1you,sdv-pii-d59cg,sdv-pii-45sxu,4097,5006
3855926,sdv-pii-szgop,sdv-pii-msd0l,sdv-pii-xjluq,9006,12383
1269555,sdv-pii-xkyn3,sdv-pii-3tzb8,sdv-pii-cr6zp,14327,13432
940516,sdv-pii-f8zxh,sdv-pii-aq9dd,sdv-pii-bdj4i,10512,13110
15348295,sdv-pii-qy37u,sdv-pii-wb8w1,sdv-pii-s6q5b,9755,11306
16433992,sdv-pii-yxvxm,sdv-pii-rmpo2,sdv-pii-sjj92,9049,5433
14364479,sdv-pii-y5duo,sdv-pii-hp66q,sdv-pii-l2wko,7114,5245
5506071,sdv-pii-qxq3j,sdv-pii-phtj8,sdv-pii-lnaa4,4210,7888
6545533,sdv-pii-2t7fc,sdv-pii-dr5y2,sdv-pii-dual1,14057,13431
6347990,sdv-pii-amali,sdv-pii-e2b67,sdv-pii-6s0sq,1270,0
3745454,sdv-pii-t0r14,sdv-pii-p0a8y,sdv-pii-zdq2j,8194,11404
9737346,sdv-pii-0hvsb,sdv-pii-niij2,sdv-pii-oooyp,11513,13929
2049779,sdv-pii-doxev,sdv-pii-mi6h2,sdv-pii-jsyix,9247,8002
8156423,sdv-pii-n9l6s,sdv-pii-ug7c0,sdv-pii-o7e4j,10348,13325
15609555,sdv-pii-7ome6,sdv-pii-78phr,sdv-pii-so95f,4398,4090
15905665,sdv-pii-ed4sg,sdv-pii-17uzr,sdv-pii-0suph,12158,14353
4905983,sdv-pii-rpxm2,sdv-pii-z1r7m,sdv-pii-bgdvc,3328,11956
1710079,sdv-pii-i7ga1,sdv-pii-g7k7s,sdv-pii-uczjy,10281,7734
12916795,sdv-pii-tjd8x,sdv-pii-0aa73,sdv-pii-d0qrp,5297,4733
10004357,sdv-pii-ur6la,sdv-pii-8rzkg,sdv-pii-ssy43,6537,3914
10517787,sdv-pii-wjysw,sdv-pii-aqp6l,sdv-pii-3mc3x,949,973
16550338,sdv-pii-9a2u4,sdv-pii-bysru,sdv-pii-dp07d,2027,3778
2230901,sdv-pii-5nyiv,sdv-pii-22h7p,sdv-pii-vr833,13848,13482
8469430,sdv-pii-v2sjp,sdv-pii-o4mt6,sdv-pii-mmala,11652,14561
4056770,sdv-pii-d1rh3,sdv-pii-90zp6,sdv-pii-ormct,6138,8859
5003956,sdv-pii-clkzd,sdv-pii-oxknm,sdv-pii-bn7ew,11032,11863
4487030,sdv-pii-d71om,sdv-pii-6v3e8,sdv-pii-vlvs6,1002,5798
206450,sdv-pii-vlpll,sdv-pii-y80er,sdv-pii-y8e7q,9214,6794
9876888,sdv-pii-8lmjl,sdv-pii-1652w,sdv-pii-vonq6,2068,4844
7562553,sdv-pii-sa0m5,sdv-pii-aww9k,sdv-pii-t31bk,7960,7588
10162482,sdv-pii-6xbom,sdv-pii-qt15m,sdv-pii-ie5mc,4558,2107
8762536,sdv-pii-pa5vc,sdv-pii-c1xr5,sdv-pii-mkhga,13248,14561
13166965,sdv-pii-nxbba,sdv-pii-8irjb,sdv-pii-p35cb,1719,2176
6394592,sdv-pii-1maxb,sdv-pii-bwnis,sdv-pii-ilmo9,8993,10709
15426934,sdv-pii-4y8ic,sdv-pii-nd1q6,sdv-pii-5897i,1418,6070
10530170,sdv-pii-7xfcv,sdv-pii-e73uz,sdv-pii-xbzio,13079,9935
5564275,sdv-pii-r29qw,sdv-pii-wzf01,sdv-pii-wvmq4,9435,12069
8405046,sdv-pii-6fmru,sdv-pii-1lvj1,sdv-pii-n7cew,971,1056
3575481,sdv-pii-rpfj6,sdv-pii-mzplj,sdv-pii-n71uu,150,830
3253290,sdv-pii-lg64w,sdv-pii-wvxgs,sdv-pii-lgco1,4491,1579
4008505,sdv-pii-svwct,sdv-pii-yzam4,sdv-pii-u52zx,14327,14298
16738792,sdv-pii-6fs1m,sdv-pii-w7ijr,sdv-pii-yidk8,3261,10897
1589371,sdv-pii-5gwrc,sdv-pii-i139u,sdv-pii-o0itr,14022,13277
1310972,sdv-pii-0iiyw,sdv-pii-9ze7d,sdv-pii-918ia,1084,8453
3341462,sdv-pii-2irfk,sdv-pii-janxw,sdv-pii-54dbe,5059,13052
10887323,sdv-pii-evzmo,sdv-pii-iahpy,sdv-pii-vy57o,3229,4183
15294660,sdv-pii-it7hf,sdv-pii-gdepz,sdv-pii-atp5f,8694,10943
1630268,sdv-pii-q2uz4,sdv-pii-rdxng,sdv-pii-cc83p,12304,14561
1229819,sdv-pii-9pv5p,sdv-pii-8egxh,sdv-pii-z7wa5,6892,11147
7982872,sdv-pii-8yw2s,sdv-pii-9g1gd,sdv-pii-rq5l9,5073,4225
9770950,sdv-pii-0ds1e,sdv-pii-lxuqz,sdv-pii-3moeq,1282,2472
4816786,sdv-pii-0ftj4,sdv-pii-iu2yi,sdv-pii-lpf43,1549,4153
6769305,sdv-pii-bts3p,sdv-pii-1sstr,sdv-pii-x95eh,8011,5163
6906492,sdv-pii-erfdm,sdv-pii-rr23f,sdv-pii-rfdnu,13127,14404
5486505,sdv-pii-amv5p,sdv-pii-6kih3,sdv-pii-estic,13075,13605
4934933,sdv-pii-5fple,sdv-pii-3ldcq,sdv-pii-v1dhr,7779,8933
4929635,sdv-pii-7qn0f,sdv-pii-rr6tv,sdv-pii-se65k,13447,14561
10030226,sdv-pii-6vvyk,sdv-pii-0tj8d,sdv-pii-mqib6,1043,395
7673263,sdv-pii-imc7l,sdv-pii-8u8fk,sdv-pii-xzxre,11994,12392
6003213,sdv-pii-a3wxm,sdv-pii-ls6id,sdv-pii-9n6mr,2170,9437
3942545,sdv-pii-0ioxp,sdv-pii-szdzz,sdv-pii-qud7u,8893,6802
12974683,sdv-pii-t7cwo,sdv-pii-5mj1g,sdv-pii-44ysm,8401,12327
5694557,sdv-pii-62xcd,sdv-pii-c4smq,sdv-pii-fy5rk,13287,12806
14995672,sdv-pii-an83l,sdv-pii-zraoi,sdv-pii-egjy5,5011,4417
13303943,sdv-pii-s7f9h,sdv-pii-olp3k,sdv-pii-wij8v,4416,2648
93418,sdv-pii-q6wst,sdv-pii-ufl8v,sdv-pii-s9cxz,8389,6324
14601964,sdv-pii-8ztl5,sdv-pii-0vsff,sdv-pii-txs6v,3893,2304
462844,sdv-pii-77v4m,sdv-pii-zium1,sdv-pii-vvku2,8556,12656
8590590,sdv-pii-ppu9d,sdv-pii-io635,sdv-pii-ryiq2,6181,6490
10526135,sdv-pii-76egv,sdv-pii-z2x9u,sdv-pii-g0330,3294,464
2787760,sdv-pii-28by7,sdv-pii-7dg9c,sdv-pii-i8773,5877,4724
11639305,sdv-pii-adqgq,sdv-pii-06agg,sdv-pii-ukta0,12958,14561
8464585,sdv-pii-1d8jl,sdv-pii-5sy0m,sdv-pii-9gmwo,1637,4566
13570232,sdv-pii-pdi9e,sdv-pii-y4307,sdv-pii-4zis6,12527,12059
3214240,sdv-pii-xj8dt,sdv-pii-evw59,sdv-pii-43y40,5729,4563
5857559,sdv-pii-sp3nc,sdv-pii-cyy1k,sdv-pii-zsd3p,13306,12914
4856831,sdv-pii-3umrp,sdv-pii-b8g6t,sdv-pii-y2kc1,8431,7251
1517608,sdv-pii-yggln,sdv-pii-4fjqt,sdv-pii-7bp71,7554,12827
13972114,sdv-pii-c8x5q,sdv-pii-j73uu,sdv-pii-0ayrk,12746,13504
13857124,sdv-pii-hc6lj,sdv-pii-8uy23,sdv-pii-12uzs,7854,3977
10213198,sdv-pii-4rbrt,sdv-pii-zt90c,sdv-pii-xf61n,626,1499
5936203,sdv-pii-9im01,sdv-pii-c0ec5,sdv-pii-typ9l,861,4589
6286540,sdv-pii-xp6t3,sdv-pii-xuu8j,sdv-pii-5a7wx,1840,3057
1498889,sdv-pii-8ild2,sdv-pii-u97kd,sdv-pii-n08jc,6561,6164
12456580,sdv-pii-18g97,sdv-pii-ieivt,sdv-pii-1c365,2275,4650
13714090,sdv-pii-5viqu,sdv-pii-ee45g,sdv-pii-nyn8g,10956,12965
618140,sdv-pii-s20w5,sdv-pii-8qidu,sdv-pii-3ptl7,249,951
9722634,sdv-pii-lci61,sdv-pii-wfgmz,sdv-pii-plalk,1649,3565
15723100,sdv-pii-9mmb7,sdv-pii-gt8m3,sdv-pii-r32y0,5889,4940
1013919,sdv-pii-qmhl5,sdv-pii-zpfbc,sdv-pii-xacnz,8529,8422
15017898,sdv-pii-uiki0,sdv-pii-29te6,sdv-pii-7h7wz,7281,5055
2641312,sdv-pii-q5wdp,sdv-pii-w56vj,sdv-pii-dbmav,2243,10787
8369060,sdv-pii-8fzvg,sdv-pii-ufrr7,sdv-pii-atwen,7256,3959
12133105,sdv-pii-f36ka,sdv-pii-rmad0,sdv-pii-qosuy,1801,439
12698381,sdv-pii-ye7iq,sdv-pii-j6sz8,sdv-pii-4p2w9,12242,12785
13485284,sdv-pii-pdhhs,sdv-pii-qiy4l,sdv-pii-wj3hw,9396,4949
1014087,sdv-pii-dnyvg,sdv-pii-i9zgh,sdv-pii-wrybo,4736,6001
16581490,sdv-pii-q1iet,sdv-pii-s4zjs,sdv-pii-twdx0,7630,3605
12704024,sdv-pii-m75at,sdv-pii-5qh2x,sdv-pii-bt5n5,1282,1096
9415125,sdv-pii-sfar7,sdv-pii-sigh2,sdv-pii-33u61,2384,1982
11653669,sdv-pii-78ulk,sdv-pii-fzif8,sdv-pii-d2clf,12240,10307
275815,sdv-pii-zwlas,sdv-pii-5ljm9,sdv-pii-4gbcn,6621,3363
10950171,sdv-pii-qvq5o,sdv-pii-a5uaf,sdv-pii-5as71,12231,13120
6079036,sdv-pii-2piro,sdv-pii-7y3oh,sdv-pii-4mpvu,14327,13601
8195376,sdv-pii-l9mdj,sdv-pii-gvmbe,sdv-pii-lpq1z,4673,8362
10736144,sdv-pii-lg8ql,sdv-pii-n9lxi,sdv-pii-nivm9,6438,4548
4048384,sdv-pii-jwscp,sdv-pii-jivbi,sdv-pii-r8wxs,5736,3978
204697,sdv-pii-101ia,sdv-pii-feyqd,sdv-pii-sh42k,8259,7756
5390457,sdv-pii-du5od,sdv-pii-88o8y,sdv-pii-ev4um,10553,5957
15445934,sdv-pii-iew3i,sdv-pii-gy229,sdv-pii-qy4ih,3651,4496
11821670,sdv-pii-mib76,sdv-pii-hdpfu,sdv-pii-etv8i,13707,13318
2468872,sdv-pii-hoodh,sdv-pii-0az2c,sdv-pii-tqfpk,12988,12385
3585871,sdv-pii-3l1xt,sdv-pii-jwr4r,sdv-pii-pc2uz,12118,12847
9174866,sdv-pii-4ft7f,sdv-pii-whyil,sdv-pii-oqsqa,9161,5963
337560,sdv-pii-x3mf8,sdv-pii-dsb45,sdv-pii-cspjh,8065,12424
14835320,sdv-pii-wwxu2,sdv-pii-nch0g,sdv-pii-c7ddt,13390,13800
15734300,sdv-pii-x9ymi,sdv-pii-pomxw,sdv-pii-30ccr,1852,1564
9077285,sdv-pii-1wdlt,sdv-pii-zl2l7,sdv-pii-5q8uw,3368,1675
8575427,sdv-pii-uuk0z,sdv-pii-tqtvc,sdv-pii-ey70m,1861,1104
10505759,sdv-pii-6knq6,sdv-pii-s28dr,sdv-pii-qq9ng,5208,2838
13682240,sdv-pii-4ltvq,sdv-pii-j79fs,sdv-pii-2ko43,5445,954
5713608,sdv-pii-c9bpz,sdv-pii-76ibs,sdv-pii-hk0x3,5546,9159
6236383,sdv-pii-z8b34,sdv-pii-4y7ol,sdv-pii-ntj6h,2987,11246
2849980,sdv-pii-n0kh7,sdv-pii-k4x3m,sdv-pii-fafvd,6604,13807
7074087,sdv-pii-vdd8s,sdv-pii-gj0ot,sdv-pii-9jpme,13450,12587
3369222,sdv-pii-myoj4,sdv-pii-32d2a,sdv-pii-01nyr,4261,10500
1667922,sdv-pii-ps0so,sdv-pii-mqpu2,sdv-pii-i8lbg,5411,11394
10325926,sdv-pii-fkna4,sdv-pii-14dnm,sdv-pii-7095h,13671,13963
6307154,sdv-pii-u1506,sdv-pii-z70dr,sdv-pii-lu60j,0,1532
3625484,sdv-pii-0ddqd,sdv-pii-japrm,sdv-pii-4b8d1,7403,9243
14266207,sdv-pii-qxv9w,sdv-pii-jdq5h,sdv-pii-qtrzg,13255,13750
14766309,sdv-pii-340d7,sdv-pii-4lrom,sdv-pii-um1q4,3156,2086
2819195,sdv-pii-n2tgx,sdv-pii-28nyl,sdv-pii-hfp7h,8821,5290
6609766,sdv-pii-44d97,sdv-pii-37m31,sdv-pii-o27x4,1417,3148
9091618,sdv-pii-181en,sdv-pii-huz65,sdv-pii-vpouf,3743,12002
15896288,sdv-pii-62qlk,sdv-pii-wj7vs,sdv-pii-nhe5s,545,1161
5593352,sdv-pii-jj85x,sdv-pii-owwng,sdv-pii-q95if,226,0
12970010,sdv-pii-l1bey,sdv-pii-ck7ea,sdv-pii-z0eqr,12193,9962
305766,sdv-pii-ighx1,sdv-pii-41ce8,sdv-pii-64jew,5324,4580
1195857,sdv-pii-mle1k,sdv-pii-nexni,sdv-pii-h7jwp,10945,11360
10584888,sdv-pii-l0418,sdv-pii-wxzj6,sdv-pii-cx6d8,0,8684
6855916,sdv-pii-tb6ql,sdv-pii-c9amk,sdv-pii-t6u3o,1189,638
11881044,sdv-pii-7zwa5,sdv-pii-w686p,sdv-pii-pxtnj,2892,3076
7804287,sdv-pii-46hqf,sdv-pii-yod6m,sdv-pii-zx9yq,13664,14438
8690903,sdv-pii-r3c5a,sdv-pii-gnn6z,sdv-pii-379g1,10038,10062
9587875,sdv-pii-721h1,sdv-pii-pomkr,sdv-pii-dihmk,2204,649
7137462,sdv-pii-1x6q2,sdv-pii-f3k14,sdv-pii-ndj0k,6366,1977
6913845,sdv-pii-q1yas,sdv-pii-jaktc,sdv-pii-0z4ak,8013,9204
736674,sdv-pii-u57fo,sdv-pii-og9r3,sdv-pii-2xw99,4644,4972
5281900,sdv-pii-hqnun,sdv-pii-ymb3n,sdv-pii-ywb4h,4299,2238
15487024,sdv-pii-tbd5b,sdv-pii-z57v0,sdv-pii-14iw2,8598,9423
10630933,sdv-pii-hhc06,sdv-pii-d71n6,sdv-pii-mi95c,14257,14212
2660636,sdv-pii-01zla,sdv-pii-l1f0b,sdv-pii-f4ihb,461,4082
3669639,sdv-pii-d89rq,sdv-pii-6mqf6,sdv-pii-9gww3,757,723
12958788,sdv-pii-k0quc,sdv-pii-92l2w,sdv-pii-1zx2p,2060,4660
1578331,sdv-pii-t6nsw,sdv-pii-scbab,sdv-pii-s6b1h,732,2684
14746474,sdv-pii-m8n78,sdv-pii-361tu,sdv-pii-0f2qo,11174,13589
14058066,sdv-pii-zye1h,sdv-pii-wonvu,sdv-pii-d8q18,2622,7319
15786685,sdv-pii-n443c,sdv-pii-6u9ek,sdv-pii-j0dmr,13253,12750
7295590,sdv-pii-eea4c,sdv-pii-7fpfo,sdv-pii-xxsr3,8340,5629
7927857,sdv-pii-memtr,sdv-pii-rwmy7,sdv-pii-td83f,7664,3419
1869734,sdv-pii-54gto,sdv-pii-tma49,sdv-pii-bwy90,13198,14384
14555789,sdv-pii-g0aao,sdv-pii-9imwm,sdv-pii-86twa,9942,12025
